provider,model,id,type,field,pred,gold,abs_err,rel_err,abs_tol,rel_tol,pass,latency_s,error,tags,difficulty,edge_tag,edge_case,is_checkpoint,fq_hz
openai,gpt-4.1,step_response_000,step_response,percent_overshoot,3.0,3.4085500825128845,0.4085500825128845,0.11986037248180588,2.5,0.07,True,2.9600770473480225,,,,,,False,
openai,gpt-4.1,step_response_000,step_response,settling_time_s,1.7,1.7824827081481993,0.08248270814819936,0.04627405795924365,0.35,0.2,True,2.9600770473480225,,,,,,False,
openai,gpt-4.1,step_response_000,step_response,steady_state,1.0,1.0,0.0,0.0,0.05,0.02,True,2.9600770473480225,,,,,,False,
openai,gpt-4.1,step_response_000,step_response,cp_peak_value,1.03,1.0340855008251288,0.004085500825128818,0.00395083464749179,0.08,0.04,True,2.9600770473480225,,,,,,True,
openai,gpt-4.1,step_response_000,step_response,cp_peak_time_s,1.3,1.4017868979642296,0.10178689796422957,0.07261224806142177,0.2,0.2,True,2.9600770473480225,,,,,,True,
openai,gpt-4.1,step_response_000,step_response,cp_band_upper,1.02,1.02,0.0,0.0,0.05,0.02,True,2.9600770473480225,,,,,,True,
openai,gpt-4.1,step_response_000,step_response,cp_band_lower,0.98,0.98,0.0,0.0,0.05,0.02,True,2.9600770473480225,,,,,,True,
openai,gpt-4.1,step_response_001,step_response,percent_overshoot,4.0,3.6018743803024833,0.3981256196975167,0.11053289972430475,2.5,0.07,True,5.616626977920532,,,,,,False,
openai,gpt-4.1,step_response_001,step_response,settling_time_s,0.7,0.725250278086763,0.025250278086763056,0.034815950920245385,0.35,0.2,True,5.616626977920532,,,,,,False,
openai,gpt-4.1,step_response_001,step_response,steady_state,1.0,1.0,0.0,0.0,0.05,0.02,True,5.616626977920532,,,,,,False,
openai,gpt-4.1,step_response_001,step_response,cp_peak_value,1.04,1.0360187438030248,0.0039812561969752025,0.003842841860525399,0.08,0.04,True,5.616626977920532,,,,,,True,
openai,gpt-4.1,step_response_001,step_response,cp_peak_time_s,0.6,0.5628476084538376,0.037152391546162344,0.06600790513833982,0.2,0.2,True,5.616626977920532,,,,,,True,
openai,gpt-4.1,step_response_001,step_response,cp_band_upper,1.02,1.02,0.0,0.0,0.05,0.02,True,5.616626977920532,,,,,,True,
openai,gpt-4.1,step_response_001,step_response,cp_band_lower,0.98,0.98,0.0,0.0,0.05,0.02,True,5.616626977920532,,,,,,True,
openai,gpt-4.1,step_response_002,step_response,percent_overshoot,20.0,21.62150755990474,1.6215075599047388,0.0749951202714323,2.5,0.07,True,2.389672040939331,,,,,,False,
openai,gpt-4.1,step_response_002,step_response,settling_time_s,3.0,2.569156378462369,0.430843621537631,0.1676984807734784,0.35,0.2,True,2.389672040939331,,,,,,False,
openai,gpt-4.1,step_response_002,step_response,steady_state,3.0,3.0,0.0,0.0,0.05,0.02,True,2.389672040939331,,,,,,False,
openai,gpt-4.1,step_response_002,step_response,cp_peak_value,3.6,3.648645226797142,0.048645226797142005,0.01333240799622599,0.08,0.04,True,2.389672040939331,,,,,,True,
openai,gpt-4.1,step_response_002,step_response,cp_peak_time_s,1.0,1.0704818243593206,0.0704818243593206,0.06584121538121744,0.2,0.2,True,2.389672040939331,,,,,,True,
openai,gpt-4.1,step_response_002,step_response,cp_band_upper,3.06,3.06,0.0,0.0,0.05,0.02,True,2.389672040939331,,,,,,True,
openai,gpt-4.1,step_response_002,step_response,cp_band_lower,2.94,2.94,0.0,0.0,0.05,0.02,True,2.389672040939331,,,,,,True,
openai,gpt-4.1,step_response_003,step_response,percent_overshoot,5.0,3.4596014967418265,1.5403985032581735,0.4452531612987466,2.5,0.07,True,2.325754165649414,,,,,,False,
openai,gpt-4.1,step_response_003,step_response,settling_time_s,1.1,1.096774193548387,0.003225806451613078,0.002941176470588395,0.35,0.2,True,2.325754165649414,,,,,,False,
openai,gpt-4.1,step_response_003,step_response,steady_state,2.0,2.0,0.0,0.0,0.05,0.02,True,2.325754165649414,,,,,,False,
openai,gpt-4.1,step_response_003,step_response,cp_peak_value,2.1,2.0691920299348365,0.03080797006516356,0.01488888881238044,0.08,0.04,True,2.325754165649414,,,,,,True,
openai,gpt-4.1,step_response_003,step_response,cp_peak_time_s,0.85,0.8587319243604005,0.00873192436040049,0.010168393782383472,0.2,0.2,True,2.325754165649414,,,,,,True,
openai,gpt-4.1,step_response_003,step_response,cp_band_upper,2.04,2.04,0.0,0.0,0.05,0.02,True,2.325754165649414,,,,,,True,
openai,gpt-4.1,step_response_003,step_response,cp_band_lower,1.96,1.96,0.0,0.0,0.05,0.02,True,2.325754165649414,,,,,,True,
openai,gpt-4.1,step_response_004,step_response,percent_overshoot,25.0,23.885575487528122,1.114424512471878,0.04665679975153941,2.5,0.07,True,2.3262250423431396,,,,,,False,
openai,gpt-4.1,step_response_004,step_response,settling_time_s,2.0,1.454540848859029,0.545459151140971,0.37500435382673514,0.35,0.2,False,2.3262250423431396,,,,,,False,
openai,gpt-4.1,step_response_004,step_response,steady_state,2.0,2.0,0.0,0.0,0.05,0.02,True,2.3262250423431396,,,,,,False,
openai,gpt-4.1,step_response_004,step_response,cp_peak_value,2.5,2.4777115097505624,0.022288490249437576,0.008995595395882636,0.08,0.04,True,2.3262250423431396,,,,,,True,
openai,gpt-4.1,step_response_004,step_response,cp_peak_time_s,0.7,0.5966585931033976,0.10334140689660232,0.17320023224519926,0.2,0.2,True,2.3262250423431396,,,,,,True,
openai,gpt-4.1,step_response_004,step_response,cp_band_upper,2.04,2.04,0.0,0.0,0.05,0.02,True,2.3262250423431396,,,,,,True,
openai,gpt-4.1,step_response_004,step_response,cp_band_lower,1.96,1.96,0.0,0.0,0.05,0.02,True,2.3262250423431396,,,,,,True,
openai,gpt-4.1,step_response_005,step_response,percent_overshoot,6.0,5.14205887272321,0.8579411272767903,0.1668477838376885,2.5,0.07,True,1.8816120624542236,,,,,,False,
openai,gpt-4.1,step_response_005,step_response,settling_time_s,1.0,0.9187986651835373,0.08120133481646274,0.08837772397094432,0.35,0.2,True,1.8816120624542236,,,,,,False,
openai,gpt-4.1,step_response_005,step_response,steady_state,1.0,1.0,0.0,0.0,0.05,0.02,True,1.8816120624542236,,,,,,False,
openai,gpt-4.1,step_response_005,step_response,cp_peak_value,1.06,1.051420588727232,0.008579411272767956,0.008159828107563999,0.08,0.04,True,1.8816120624542236,,,,,,True,
openai,gpt-4.1,step_response_005,step_response,cp_peak_time_s,0.7,0.660734149054505,0.03926585094549495,0.059427609427609364,0.2,0.2,True,1.8816120624542236,,,,,,True,
openai,gpt-4.1,step_response_005,step_response,cp_band_upper,1.02,1.02,0.0,0.0,0.05,0.02,True,1.8816120624542236,,,,,,True,
openai,gpt-4.1,step_response_005,step_response,cp_band_lower,0.98,0.98,0.0,0.0,0.05,0.02,True,1.8816120624542236,,,,,,True,
openai,gpt-4.1,step_response_006,step_response,percent_overshoot,35.0,34.99415221914557,0.0058477808544310506,0.00016710737319224682,2.5,0.07,True,3.474639892578125,,,,,,False,
openai,gpt-4.1,step_response_006,step_response,settling_time_s,1.2,1.1611081472210052,0.03889185277899476,0.033495461100741114,0.35,0.2,True,3.474639892578125,,,,,,False,
openai,gpt-4.1,step_response_006,step_response,steady_state,2.0,2.0,0.0,0.0,0.05,0.02,True,3.474639892578125,,,,,,False,
openai,gpt-4.1,step_response_006,step_response,cp_peak_value,2.7,2.6998830443829114,0.00011695561708879865,4.331877165276623e-05,0.08,0.04,True,3.474639892578125,,,,,,True,
openai,gpt-4.1,step_response_006,step_response,cp_peak_time_s,0.4,0.3427367422519835,0.05726325774801655,0.16707650709335398,0.2,0.2,True,3.474639892578125,,,,,,True,
openai,gpt-4.1,step_response_006,step_response,cp_band_upper,2.04,2.04,0.0,0.0,0.05,0.02,True,3.474639892578125,,,,,,True,
openai,gpt-4.1,step_response_006,step_response,cp_band_lower,1.96,1.96,0.0,0.0,0.05,0.02,True,3.474639892578125,,,,,,True,
openai,gpt-4.1,step_response_007,step_response,percent_overshoot,37.0,36.32787529704204,0.6721247029579587,0.018501624371428233,2.5,0.07,True,2.241943120956421,,,,,,False,
openai,gpt-4.1,step_response_007,step_response,settling_time_s,1.7,1.3617674583033321,0.33823254169666783,0.24837760634850398,0.35,0.2,True,2.241943120956421,,,,,,False,
openai,gpt-4.1,step_response_007,step_response,steady_state,1.0,1.0,0.0,0.0,0.05,0.02,True,2.241943120956421,,,,,,False,
openai,gpt-4.1,step_response_007,step_response,cp_peak_value,1.37,1.3632787529704204,0.006721247029579658,0.004930207424515983,0.08,0.04,True,2.241943120956421,,,,,,True,
openai,gpt-4.1,step_response_007,step_response,cp_peak_time_s,0.45,0.3995268162790768,0.05047318372092319,0.12633240539645463,0.2,0.2,True,2.241943120956421,,,,,,True,
openai,gpt-4.1,step_response_007,step_response,cp_band_upper,1.02,1.02,0.0,0.0,0.05,0.02,True,2.241943120956421,,,,,,True,
openai,gpt-4.1,step_response_007,step_response,cp_band_lower,0.98,0.98,0.0,0.0,0.05,0.02,True,2.241943120956421,,,,,,True,
openai,gpt-4.1,step_response_008,step_response,percent_overshoot,22.5,20.28650117107422,2.213498828925779,0.10911190698975366,2.5,0.07,True,2.2851157188415527,,,,,,False,
openai,gpt-4.1,step_response_008,step_response,settling_time_s,1.2,1.1568409343715238,0.043159065628476156,0.037307692307692375,0.35,0.2,True,2.2851157188415527,,,,,,False,
openai,gpt-4.1,step_response_008,step_response,steady_state,2.0,2.0,0.0,0.0,0.05,0.02,True,2.2851157188415527,,,,,,False,
openai,gpt-4.1,step_response_008,step_response,cp_peak_value,2.45,2.4057300234214845,0.044269976578515724,0.018401888885085264,0.08,0.04,True,2.2851157188415527,,,,,,True,
openai,gpt-4.1,step_response_008,step_response,cp_peak_time_s,0.5,0.489432703003337,0.010567296996662978,0.021590909090909133,0.2,0.2,True,2.2851157188415527,,,,,,True,
openai,gpt-4.1,step_response_008,step_response,cp_band_upper,2.04,2.04,0.0,0.0,0.05,0.02,True,2.2851157188415527,,,,,,True,
openai,gpt-4.1,step_response_008,step_response,cp_band_lower,1.96,1.96,0.0,0.0,0.05,0.02,True,2.2851157188415527,,,,,,True,
openai,gpt-4.1,step_response_009,step_response,percent_overshoot,7.0,5.422142447364742,1.5778575526352583,0.2910026005314791,2.5,0.07,True,2.3373677730560303,,,,,,False,
openai,gpt-4.1,step_response_009,step_response,settling_time_s,1.2,1.0411568409343714,0.15884315906562851,0.1525641025641026,0.35,0.2,True,2.3373677730560303,,,,,,False,
openai,gpt-4.1,step_response_009,step_response,steady_state,1.0,1.0,0.0,0.0,0.05,0.02,True,2.3373677730560303,,,,,,False,
openai,gpt-4.1,step_response_009,step_response,cp_peak_value,1.07,1.0542214244736474,0.015778575526352645,0.014967041230669909,0.08,0.04,True,2.3373677730560303,,,,,,True,
openai,gpt-4.1,step_response_009,step_response,cp_peak_time_s,0.7,0.743047830923248,0.04304783092324804,0.057934131736526936,0.2,0.2,True,2.3373677730560303,,,,,,True,
openai,gpt-4.1,step_response_009,step_response,cp_band_upper,1.02,1.02,0.0,0.0,0.05,0.02,True,2.3373677730560303,,,,,,True,
openai,gpt-4.1,step_response_009,step_response,cp_band_lower,0.98,0.98,0.0,0.0,0.05,0.02,True,2.3373677730560303,,,,,,True,
openai,gpt-4.1,step_response_010,step_response,percent_overshoot,5.0,1.784442194432767,3.215557805567233,1.8019960610656736,2.5,0.07,False,1.8237619400024414,,,,,,False,
openai,gpt-4.1,step_response_010,step_response,settling_time_s,0.75,0.5494994438264739,0.20050055617352613,0.3648785425101214,0.35,0.2,True,1.8237619400024414,,,,,,False,
openai,gpt-4.1,step_response_010,step_response,steady_state,4.0,4.0,0.0,0.0,0.05,0.02,True,1.8237619400024414,,,,,,False,
openai,gpt-4.1,step_response_010,step_response,cp_peak_value,4.1,4.071377687777311,0.02862231222268896,0.007030129459277642,0.08,0.04,True,1.8237619400024414,,,,,,True,
openai,gpt-4.1,step_response_010,step_response,cp_peak_time_s,0.75,0.7630700778642937,0.013070077864293705,0.017128279883381982,0.2,0.2,True,1.8237619400024414,,,,,,True,
openai,gpt-4.1,step_response_010,step_response,cp_band_upper,4.08,4.08,0.0,0.0,0.05,0.02,True,1.8237619400024414,,,,,,True,
openai,gpt-4.1,step_response_010,step_response,cp_band_lower,3.92,3.92,0.0,0.0,0.05,0.02,True,1.8237619400024414,,,,,,True,
openai,gpt-4.1,step_response_011,step_response,percent_overshoot,34.0,33.949731850037665,0.050268149962334974,0.0014806641237809718,2.5,0.07,True,1.885688066482544,,,,,,False,
openai,gpt-4.1,step_response_011,step_response,settling_time_s,1.25,1.0656284760845385,0.18437152391546152,0.17301670146137776,0.35,0.2,True,1.885688066482544,,,,,,False,
openai,gpt-4.1,step_response_011,step_response,steady_state,1.0,1.0,0.0,0.0,0.05,0.02,True,1.885688066482544,,,,,,False,
openai,gpt-4.1,step_response_011,step_response,cp_peak_value,1.34,1.3394973185003767,0.000502681499623403,0.0003752762268954566,0.08,0.04,True,1.885688066482544,,,,,,True,
openai,gpt-4.1,step_response_011,step_response,cp_peak_time_s,0.35,0.3181312569521691,0.03186874304783088,0.10017482517482504,0.2,0.2,True,1.885688066482544,,,,,,True,
openai,gpt-4.1,step_response_011,step_response,cp_band_upper,1.02,1.02,0.0,0.0,0.05,0.02,True,1.885688066482544,,,,,,True,
openai,gpt-4.1,step_response_011,step_response,cp_band_lower,0.98,0.98,0.0,0.0,0.05,0.02,True,1.885688066482544,,,,,,True,
openai,gpt-4.1,step_response_012,step_response,percent_overshoot,2.5,1.977336493064663,0.5226635069353369,0.26432704234637555,2.5,0.07,True,2.008661985397339,,,,,,False,
openai,gpt-4.1,step_response_012,step_response,settling_time_s,1.6,1.1355533880639457,0.4644466119360544,0.40900464638471085,0.35,0.2,False,2.008661985397339,,,,,,False,
openai,gpt-4.1,step_response_012,step_response,steady_state,4.0,4.0,0.0,0.0,0.05,0.02,True,2.008661985397339,,,,,,False,
openai,gpt-4.1,step_response_012,step_response,cp_peak_value,4.1,4.0790934597225865,0.02090654027741312,0.005125290823524045,0.08,0.04,True,2.008661985397339,,,,,,True,
openai,gpt-4.1,step_response_012,step_response,cp_peak_time_s,1.6,1.5800250424829145,0.019974957517085556,0.012642177800989855,0.2,0.2,True,2.008661985397339,,,,,,True,
openai,gpt-4.1,step_response_012,step_response,cp_band_upper,4.08,4.08,0.0,0.0,0.05,0.02,True,2.008661985397339,,,,,,True,
openai,gpt-4.1,step_response_012,step_response,cp_band_lower,3.92,3.92,0.0,0.0,0.05,0.02,True,2.008661985397339,,,,,,True,
openai,gpt-4.1,step_response_013,step_response,percent_overshoot,60.0,57.942150586317375,2.057849413682625,0.03551558568087688,2.5,0.07,True,2.511046886444092,,,,high_overshoot_low_damping,,False,
openai,gpt-4.1,step_response_013,step_response,settling_time_s,4.0,3.6349946881179154,0.3650053118820846,0.10041426279802151,0.35,0.2,True,2.511046886444092,,,,high_overshoot_low_damping,,False,
openai,gpt-4.1,step_response_013,step_response,steady_state,1.0,1.0,0.0,0.0,0.05,0.02,True,2.511046886444092,,,,high_overshoot_low_damping,,False,
openai,gpt-4.1,step_response_013,step_response,cp_peak_value,1.6,1.5794215058631738,0.02057849413682633,0.013029133806545154,0.08,0.04,True,2.511046886444092,,,,high_overshoot_low_damping,,True,
openai,gpt-4.1,step_response_013,step_response,cp_peak_time_s,0.6,0.5107466377923529,0.08925336220764712,0.17475075821044098,0.2,0.2,True,2.511046886444092,,,,high_overshoot_low_damping,,True,
openai,gpt-4.1,step_response_013,step_response,cp_band_upper,1.02,1.02,0.0,0.0,0.05,0.02,True,2.511046886444092,,,,high_overshoot_low_damping,,True,
openai,gpt-4.1,step_response_013,step_response,cp_band_lower,0.98,0.98,0.0,0.0,0.05,0.02,True,2.511046886444092,,,,high_overshoot_low_damping,,True,
openai,gpt-4.1,step_response_014,step_response,percent_overshoot,0.0,0.04749676490747312,0.04749676490747312,1.0,2.5,0.07,True,1.770258903503418,,,,near_critical_damping_small_overshoot,,False,
openai,gpt-4.1,step_response_014,step_response,settling_time_s,1.2,1.3739763421292084,0.17397634212920843,0.12662251655629142,0.35,0.2,True,1.770258903503418,,,,near_critical_damping_small_overshoot,,False,
openai,gpt-4.1,step_response_014,step_response,steady_state,1.0,1.0,0.0,0.0,0.05,0.02,True,1.770258903503418,,,,near_critical_damping_small_overshoot,,False,
openai,gpt-4.1,step_response_014,step_response,cp_peak_value,1.0,1.0004749676490747,0.0004749676490747312,0.00047474216190617396,0.08,0.04,True,1.770258903503418,,,,near_critical_damping_small_overshoot,,True,
openai,gpt-4.1,step_response_014,step_response,cp_peak_time_s,1.2,2.0,0.8,0.4,0.2,0.2,False,1.770258903503418,,,,near_critical_damping_small_overshoot,,True,
openai,gpt-4.1,step_response_014,step_response,cp_band_upper,1.02,1.02,0.0,0.0,0.05,0.02,True,1.770258903503418,,,,near_critical_damping_small_overshoot,,True,
openai,gpt-4.1,step_response_014,step_response,cp_band_lower,0.98,0.98,0.0,0.0,0.05,0.02,True,1.770258903503418,,,,near_critical_damping_small_overshoot,,True,
openai,gpt-4.1,bode_magnitude_000,bode_magnitude,dc_gain_db,6.0,8.599155575114834,2.5991555751148336,0.3022570707566393,0.5,0.03,False,1.411578893661499,,,,,,False,8556.23344375781
openai,gpt-4.1,bode_magnitude_000,bode_magnitude,cutoff_hz,500.0,427.8116721878905,72.18832781210949,0.1687385653666904,5.0,0.05,False,1.411578893661499,,,,,,False,8556.23344375781
openai,gpt-4.1,bode_magnitude_000,bode_magnitude,cp_mag_at_fc_db,3.0,5.588855618475021,2.588855618475021,0.4632174805012082,0.6,0.04,False,1.411578893661499,,,,,,True,8556.23344375781
openai,gpt-4.1,bode_magnitude_000,bode_magnitude,cp_mag_at_fq_db,-14.0,-17.43228815108699,3.43228815108699,0.19689257780384783,0.8,0.08,False,1.411578893661499,,,,,,True,8556.23344375781
openai,gpt-4.1,bode_magnitude_001,bode_magnitude,dc_gain_db,6.0,7.203960432191127,1.2039604321911268,0.16712479802237548,0.5,0.03,False,2.3040688037872314,,,,,,False,2235.0253134836776
openai,gpt-4.1,bode_magnitude_001,bode_magnitude,cutoff_hz,100.0,111.75126567418388,11.751265674183884,0.1051555488279234,5.0,0.05,False,2.3040688037872314,,,,,,False,2235.0253134836776
openai,gpt-4.1,bode_magnitude_001,bode_magnitude,cp_mag_at_fc_db,3.0,4.193660475551314,1.1936604755513143,0.28463450546610863,0.6,0.04,False,2.3040688037872314,,,,,,True,2235.0253134836776
openai,gpt-4.1,bode_magnitude_001,bode_magnitude,cp_mag_at_fq_db,-20.0,-18.827483294010698,1.1725167059893025,0.062276868749754646,0.8,0.08,True,2.3040688037872314,,,,,,True,2235.0253134836776
openai,gpt-4.1,bode_magnitude_002,bode_magnitude,dc_gain_db,12.0,11.860415350743516,0.13958464925648428,0.011768951181607134,0.5,0.03,True,1.363435983657837,,,,,,False,1619.5570763558403
openai,gpt-4.1,bode_magnitude_002,bode_magnitude,cutoff_hz,400.0,323.91141527116804,76.08858472883196,0.2349055363335469,5.0,0.05,False,1.363435983657837,,,,,,False,1619.5570763558403
openai,gpt-4.1,bode_magnitude_002,bode_magnitude,cp_mag_at_fc_db,9.0,8.850115394103703,0.14988460589629682,0.016935892835494085,0.6,0.04,True,1.363435983657837,,,,,,True,1619.5570763558403
openai,gpt-4.1,bode_magnitude_002,bode_magnitude,cp_mag_at_fq_db,0.0,-2.289318128964664,2.289318128964664,1.0,0.8,0.08,False,1.363435983657837,,,,,,True,1619.5570763558403
openai,gpt-4.1,bode_magnitude_003,bode_magnitude,dc_gain_db,3.0,3.0602910004514907,0.06029100045149072,0.01970106778819265,0.5,0.03,True,3.156114101409912,,,,,,False,3914.0971138408127
openai,gpt-4.1,bode_magnitude_003,bode_magnitude,cutoff_hz,500.0,391.4097113840813,108.59028861591872,0.27743381285029384,5.0,0.05,False,3.156114101409912,,,,,,False,3914.0971138408127
openai,gpt-4.1,bode_magnitude_003,bode_magnitude,cp_mag_at_fc_db,0.0,0.04999104381167818,0.04999104381167818,1.0,0.6,0.04,True,3.156114101409912,,,,,,True,3914.0971138408127
openai,gpt-4.1,bode_magnitude_003,bode_magnitude,cp_mag_at_fq_db,-20.0,-16.982922737374935,3.0170772626250653,0.17765359410045914,0.8,0.08,False,3.156114101409912,,,,,,True,3914.0971138408127
openai,gpt-4.1,bode_magnitude_004,bode_magnitude,dc_gain_db,-3.0,-1.7601124288650503,1.2398875711349497,0.7044365750740422,0.5,0.03,False,1.3211469650268555,,,,,,False,488.7013039128038
openai,gpt-4.1,bode_magnitude_004,bode_magnitude,cutoff_hz,200.0,244.3506519564019,44.35065195640189,0.18150412778237698,5.0,0.05,False,1.3211469650268555,,,,,,False,488.7013039128038
openai,gpt-4.1,bode_magnitude_004,bode_magnitude,cp_mag_at_fc_db,-6.0,-4.770412385504863,1.229587614495137,0.25775289747093993,0.6,0.04,False,1.3211469650268555,,,,,,True,488.7013039128038
openai,gpt-4.1,bode_magnitude_004,bode_magnitude,cp_mag_at_fq_db,-15.0,-8.749812472225239,6.250187527774761,0.7143224552085998,0.8,0.08,False,1.3211469650268555,,,,,,True,488.7013039128038
openai,gpt-4.1,bode_magnitude_005,bode_magnitude,dc_gain_db,10.0,13.257389195606116,3.257389195606116,0.24570367117876493,0.5,0.03,False,1.500014066696167,,,,,,False,7161.65420118732
openai,gpt-4.1,bode_magnitude_005,bode_magnitude,cutoff_hz,1000.0,716.165420118732,283.83457988126804,0.39632544647884776,5.0,0.05,False,1.500014066696167,,,,,,False,7161.65420118732
openai,gpt-4.1,bode_magnitude_005,bode_magnitude,cp_mag_at_fc_db,10.0,10.247089238966304,0.24708923896630353,0.024113114778653882,0.6,0.04,True,1.500014066696167,,,,,,True,7161.65420118732
openai,gpt-4.1,bode_magnitude_005,bode_magnitude,cp_mag_at_fq_db,-10.0,-6.78582454222031,3.2141754577796897,0.47366026601212663,0.8,0.08,False,1.500014066696167,,,,,,True,7161.65420118732
openai,gpt-4.1,bode_magnitude_006,bode_magnitude,dc_gain_db,10.0,13.123245538473968,3.1232455384739684,0.23799337818662453,0.5,0.03,False,1.470315933227539,,,,,,False,13331.971326749597
openai,gpt-4.1,bode_magnitude_006,bode_magnitude,cutoff_hz,1000.0,666.5985663374798,333.40143366252016,0.5001532413943545,5.0,0.05,False,1.470315933227539,,,,,,False,13331.971326749597
openai,gpt-4.1,bode_magnitude_006,bode_magnitude,cp_mag_at_fc_db,10.0,10.112945581834156,0.11294558183415582,0.011168415860660768,0.6,0.04,True,1.470315933227539,,,,,,True,13331.971326749597
openai,gpt-4.1,bode_magnitude_006,bode_magnitude,cp_mag_at_fq_db,-10.0,-12.908198187727855,2.908198187727855,0.22529853860570187,0.8,0.08,False,1.470315933227539,,,,,,True,13331.971326749597
openai,gpt-4.1,bode_magnitude_007,bode_magnitude,dc_gain_db,3.0,2.9972806716771387,0.0027193283228612586,0.00090726515823413,0.5,0.03,True,1.7848448753356934,,,,,,False,1379.7415210462518
openai,gpt-4.1,bode_magnitude_007,bode_magnitude,cutoff_hz,1000.0,689.8707605231259,310.1292394768741,0.4495468676505502,5.0,0.05,False,1.7848448753356934,,,,,,False,1379.7415210462518
openai,gpt-4.1,bode_magnitude_007,bode_magnitude,cp_mag_at_fc_db,0.0,-0.013019284962673794,0.013019284962673794,1.0,0.6,0.04,True,1.7848448753356934,,,,,,True,1379.7415210462518
openai,gpt-4.1,bode_magnitude_007,bode_magnitude,cp_mag_at_fq_db,-10.0,-3.992419371683049,6.007580628316951,1.5047468887980042,0.8,0.08,False,1.7848448753356934,,,,,,True,1379.7415210462518
openai,gpt-4.1,bode_magnitude_008,bode_magnitude,dc_gain_db,8.0,10.4527929804069,2.4527929804068993,0.23465431535901504,0.5,0.03,False,1.685791015625,,,,,,False,1900.1722161436173
openai,gpt-4.1,bode_magnitude_008,bode_magnitude,cutoff_hz,300.0,380.0344432287235,80.03444322872349,0.2105978672584548,5.0,0.05,False,1.685791015625,,,,,,False,1900.1722161436173
openai,gpt-4.1,bode_magnitude_008,bode_magnitude,cp_mag_at_fc_db,5.0,7.442493023767087,2.4424930237670868,0.3281821045672672,0.6,0.04,False,1.685791015625,,,,,,True,1900.1722161436173
openai,gpt-4.1,bode_magnitude_008,bode_magnitude,cp_mag_at_fq_db,-7.0,-3.696940499301278,3.303059500698722,0.8934575769674952,0.8,0.08,False,1.685791015625,,,,,,True,1900.1722161436173
openai,gpt-4.1,bode_magnitude_009,bode_magnitude,dc_gain_db,0.0,-0.8361584485286967,0.8361584485286967,1.0,0.5,0.03,False,1.4869627952575684,,,,,,False,6594.09250808969
openai,gpt-4.1,bode_magnitude_009,bode_magnitude,cutoff_hz,1000.0,659.4092508089691,340.5907491910309,0.5165089036485174,5.0,0.05,False,1.4869627952575684,,,,,,False,6594.09250808969
openai,gpt-4.1,bode_magnitude_009,bode_magnitude,cp_mag_at_fc_db,-3.0,-3.846458405168509,0.8464584051685091,0.22006175967771233,0.6,0.04,False,1.4869627952575684,,,,,,True,6594.09250808969
openai,gpt-4.1,bode_magnitude_009,bode_magnitude,cp_mag_at_fq_db,-20.0,-20.87937218635512,0.8793721863551198,0.04211679252165438,0.8,0.08,True,1.4869627952575684,,,,,,True,6594.09250808969
openai,gpt-4.1,bode_magnitude_010,bode_magnitude,dc_gain_db,12.0,14.682423262891442,2.682423262891442,0.18269622220134707,0.5,0.03,False,1.896878719329834,,,,,,False,6404.596795058083
openai,gpt-4.1,bode_magnitude_010,bode_magnitude,cutoff_hz,1000.0,1280.9193590116167,280.91935901161673,0.21931072946573293,5.0,0.05,False,1.896878719329834,,,,,,False,6404.596795058083
openai,gpt-4.1,bode_magnitude_010,bode_magnitude,cp_mag_at_fc_db,9.0,11.67212330625163,2.6721233062516294,0.22893206626941912,0.6,0.04,False,1.896878719329834,,,,,,True,6404.596795058083
openai,gpt-4.1,bode_magnitude_010,bode_magnitude,cp_mag_at_fq_db,0.0,0.5326897831832638,0.5326897831832638,1.0,0.8,0.08,True,1.896878719329834,,,,,,True,6404.596795058083
openai,gpt-4.1,bode_magnitude_011,bode_magnitude,dc_gain_db,16.0,17.132951817445147,1.1329518174451465,0.06612706493994515,0.5,0.03,False,1.569478988647461,,,,,,False,19205.647819765323
openai,gpt-4.1,bode_magnitude_011,bode_magnitude,cutoff_hz,1000.0,960.2823909882662,39.71760901173377,0.041360342941266205,5.0,0.05,True,1.569478988647461,,,,,,False,19205.647819765323
openai,gpt-4.1,bode_magnitude_011,bode_magnitude,cp_mag_at_fc_db,13.0,14.122651860805334,1.122651860805334,0.07949299266669847,0.6,0.04,False,1.569478988647461,,,,,,True,19205.647819765323
openai,gpt-4.1,bode_magnitude_011,bode_magnitude,cp_mag_at_fq_db,-10.0,-8.898491908756677,1.101508091243323,0.12378592940668628,0.8,0.08,False,1.569478988647461,,,,,,True,19205.647819765323
openai,gpt-4.1,bode_magnitude_012,bode_magnitude,dc_gain_db,12.0,13.73961041369833,1.7396104136983297,0.1266127904153633,0.5,0.03,False,1.9826769828796387,,,,,,False,4525.0216359439255
openai,gpt-4.1,bode_magnitude_012,bode_magnitude,cutoff_hz,1000.0,905.0043271887852,94.99567281121483,0.10496709237435348,5.0,0.05,False,1.9826769828796387,,,,,,False,4525.0216359439255
openai,gpt-4.1,bode_magnitude_012,bode_magnitude,cp_mag_at_fc_db,9.0,10.729310457058517,1.7293104570585172,0.16117629031051586,0.6,0.04,False,1.9826769828796387,,,,,,True,4525.0216359439255
openai,gpt-4.1,bode_magnitude_012,bode_magnitude,cp_mag_at_fq_db,0.0,-0.41012306600985066,0.41012306600985066,1.0,0.8,0.08,True,1.9826769828796387,,,,,,True,4525.0216359439255
openai,gpt-4.1,bode_magnitude_013,bode_magnitude,dc_gain_db,10.0,10.937210348842425,0.9372103488424255,0.08569007260079058,0.5,0.03,False,1.6269829273223877,,,,sparse_log_ticks_wide_range,,False,10498.672428451973
openai,gpt-4.1,bode_magnitude_013,bode_magnitude,cutoff_hz,1000.0,1049.8672428451973,49.867242845197325,0.04749861773956713,5.0,0.05,True,1.6269829273223877,,,,sparse_log_ticks_wide_range,,False,10498.672428451973
openai,gpt-4.1,bode_magnitude_013,bode_magnitude,cp_mag_at_fc_db,7.0,7.926910392202613,0.926910392202613,0.11693211432216742,0.6,0.04,False,1.6269829273223877,,,,sparse_log_ticks_wide_range,,True,10498.672428451973
openai,gpt-4.1,bode_magnitude_013,bode_magnitude,cp_mag_at_fq_db,-10.0,-9.106003388984,0.893996611016,0.09817661742774153,0.8,0.08,False,1.6269829273223877,,,,sparse_log_ticks_wide_range,,True,10498.672428451973
openai,gpt-4.1,bode_magnitude_014,bode_magnitude,dc_gain_db,10.0,8.899754614439699,1.1002453855603012,0.12362648558592525,0.5,0.03,False,1.793597936630249,,,,sparse_log_ticks_wide_range,,False,2303.564210133626
openai,gpt-4.1,bode_magnitude_014,bode_magnitude,cutoff_hz,1000.0,460.7128420267252,539.2871579732748,1.170549437260947,5.0,0.05,False,1.793597936630249,,,,sparse_log_ticks_wide_range,,False,2303.564210133626
openai,gpt-4.1,bode_magnitude_014,bode_magnitude,cp_mag_at_fc_db,7.0,5.889454657799886,1.1105453422001137,0.18856505512430216,0.6,0.04,False,1.793597936630249,,,,sparse_log_ticks_wide_range,,True,2303.564210133626
openai,gpt-4.1,bode_magnitude_014,bode_magnitude,cp_mag_at_fq_db,0.0,-5.249978865268483,5.249978865268483,1.0,0.8,0.08,False,1.793597936630249,,,,sparse_log_ticks_wide_range,,True,2303.564210133626
openai,gpt-4.1,bode_phase_000,bode_phase,cutoff_hz,1000.0,671.4201548452027,328.57984515479734,0.48938037201244294,6.0,0.06,False,1.4905400276184082,,,,,,False,13428.403096904054
openai,gpt-4.1,bode_phase_000,bode_phase,phase_deg_at_fq,-81.0,-87.13759477388825,6.137594773888253,0.07043566889600963,6.0,0.08,True,1.4905400276184082,,,,,,False,13428.403096904054
openai,gpt-4.1,bode_phase_000,bode_phase,cp_phase_deg_at_fc,-45.0,-45.0,0.0,0.0,3.0,0.07,True,1.4905400276184082,,,,,,True,13428.403096904054
openai,gpt-4.1,bode_phase_001,bode_phase,cutoff_hz,50.0,43.07110550633728,6.9288944936627175,0.16087106221694802,6.0,0.06,False,1.2915608882904053,,,,,,False,215.35552753168642
openai,gpt-4.1,bode_phase_001,bode_phase,phase_deg_at_fq,-75.0,-78.69006752597979,3.690067525979785,0.046893688644522986,6.0,0.08,True,1.2915608882904053,,,,,,False,215.35552753168642
openai,gpt-4.1,bode_phase_001,bode_phase,cp_phase_deg_at_fc,-45.0,-45.0,0.0,0.0,3.0,0.07,True,1.2915608882904053,,,,,,True,215.35552753168642
openai,gpt-4.1,bode_phase_002,bode_phase,cutoff_hz,300.0,260.325474353802,39.67452564619799,0.15240354692402217,6.0,0.06,False,1.3713099956512451,,,,,,False,2603.25474353802
openai,gpt-4.1,bode_phase_002,bode_phase,phase_deg_at_fq,-80.0,-84.28940686250036,4.289406862500357,0.050889038399541495,6.0,0.08,True,1.3713099956512451,,,,,,False,2603.25474353802
openai,gpt-4.1,bode_phase_002,bode_phase,cp_phase_deg_at_fc,-45.0,-45.0,0.0,0.0,3.0,0.07,True,1.3713099956512451,,,,,,True,2603.25474353802
openai,gpt-4.1,bode_phase_003,bode_phase,cutoff_hz,1000.0,735.0530146976848,264.94698530231517,0.3604460902881726,6.0,0.06,False,1.2615480422973633,,,,,,False,3675.265073488424
openai,gpt-4.1,bode_phase_003,bode_phase,phase_deg_at_fq,-75.0,-78.69006752597979,3.690067525979785,0.046893688644522986,6.0,0.08,True,1.2615480422973633,,,,,,False,3675.265073488424
openai,gpt-4.1,bode_phase_003,bode_phase,cp_phase_deg_at_fc,-45.0,-45.0,0.0,0.0,3.0,0.07,True,1.2615480422973633,,,,,,True,3675.265073488424
openai,gpt-4.1,bode_phase_004,bode_phase,cutoff_hz,1000.0,879.7405208219407,120.25947917805934,0.1366988064454517,6.0,0.06,False,1.613821029663086,,,,,,False,17594.810416438813
openai,gpt-4.1,bode_phase_004,bode_phase,phase_deg_at_fq,-90.0,-87.13759477388825,2.862405226111747,0.03284925678221151,6.0,0.08,True,1.613821029663086,,,,,,False,17594.810416438813
openai,gpt-4.1,bode_phase_004,bode_phase,cp_phase_deg_at_fc,-45.0,-45.0,0.0,0.0,3.0,0.07,True,1.613821029663086,,,,,,True,17594.810416438813
openai,gpt-4.1,bode_phase_005,bode_phase,cutoff_hz,1000.0,632.8029117288718,367.1970882711282,0.5802708575848905,6.0,0.06,False,1.3226768970489502,,,,,,False,6328.029117288717
openai,gpt-4.1,bode_phase_005,bode_phase,phase_deg_at_fq,-80.0,-84.28940686250036,4.289406862500357,0.050889038399541495,6.0,0.08,True,1.3226768970489502,,,,,,False,6328.029117288717
openai,gpt-4.1,bode_phase_005,bode_phase,cp_phase_deg_at_fc,-45.0,-45.0,0.0,0.0,3.0,0.07,True,1.3226768970489502,,,,,,True,6328.029117288717
openai,gpt-4.1,bode_phase_006,bode_phase,cutoff_hz,400.0,380.7890949307761,19.210905069223884,0.0504502500858546,6.0,0.06,True,1.3194770812988281,,,,,,False,761.5781898615522
openai,gpt-4.1,bode_phase_006,bode_phase,phase_deg_at_fq,-60.0,-63.43494882292202,3.434948822922017,0.054149154159651644,6.0,0.08,True,1.3194770812988281,,,,,,False,761.5781898615522
openai,gpt-4.1,bode_phase_006,bode_phase,cp_phase_deg_at_fc,-45.0,-45.0,0.0,0.0,3.0,0.07,True,1.3194770812988281,,,,,,True,761.5781898615522
openai,gpt-4.1,bode_phase_007,bode_phase,cutoff_hz,1000.0,399.10993581597154,600.8900641840285,1.5055753071030964,6.0,0.06,False,1.5115327835083008,,,,,,False,3991.0993581597154
openai,gpt-4.1,bode_phase_007,bode_phase,phase_deg_at_fq,-81.0,-84.28940686250036,3.289406862500357,0.039025151379535765,6.0,0.08,True,1.5115327835083008,,,,,,False,3991.0993581597154
openai,gpt-4.1,bode_phase_007,bode_phase,cp_phase_deg_at_fc,-45.0,-45.0,0.0,0.0,3.0,0.07,True,1.5115327835083008,,,,,,True,3991.0993581597154
openai,gpt-4.1,bode_phase_008,bode_phase,cutoff_hz,1000.0,600.7721481743816,399.22785182561836,0.6645245673235463,6.0,0.06,False,1.7497599124908447,,,,,,False,3003.860740871908
openai,gpt-4.1,bode_phase_008,bode_phase,phase_deg_at_fq,-72.0,-78.69006752597979,6.690067525979785,0.08501794109874207,6.0,0.08,False,1.7497599124908447,,,,,,False,3003.860740871908
openai,gpt-4.1,bode_phase_008,bode_phase,cp_phase_deg_at_fc,-45.0,-45.0,0.0,0.0,3.0,0.07,True,1.7497599124908447,,,,,,True,3003.860740871908
openai,gpt-4.1,bode_phase_009,bode_phase,cutoff_hz,1000.0,695.930180979916,304.06981902008397,0.43692575394838234,6.0,0.06,False,1.4354476928710938,,,,,,False,1391.860361959832
openai,gpt-4.1,bode_phase_009,bode_phase,phase_deg_at_fq,-63.0,-63.43494882292202,0.4349488229220171,0.0068566118676342295,6.0,0.08,True,1.4354476928710938,,,,,,False,1391.860361959832
openai,gpt-4.1,bode_phase_009,bode_phase,cp_phase_deg_at_fc,-45.0,-45.0,0.0,0.0,3.0,0.07,True,1.4354476928710938,,,,,,True,1391.860361959832
openai,gpt-4.1,bode_phase_010,bode_phase,cutoff_hz,1000.0,1471.5051629691013,471.5051629691013,0.32042372316093737,6.0,0.06,False,1.3894858360290527,,,,,,False,7357.525814845507
openai,gpt-4.1,bode_phase_010,bode_phase,phase_deg_at_fq,-80.0,-78.69006752597979,1.309932474020215,0.016646732112508816,6.0,0.08,True,1.3894858360290527,,,,,,False,7357.525814845507
openai,gpt-4.1,bode_phase_010,bode_phase,cp_phase_deg_at_fc,-45.0,-45.0,0.0,0.0,3.0,0.07,True,1.3894858360290527,,,,,,True,7357.525814845507
openai,gpt-4.1,bode_phase_011,bode_phase,cutoff_hz,1000.0,1176.5537720891984,176.55377208919845,0.15006009608527549,6.0,0.06,False,1.4686391353607178,,,,,,False,5882.768860445993
openai,gpt-4.1,bode_phase_011,bode_phase,phase_deg_at_fq,-70.0,-78.69006752597979,8.690067525979785,0.11043410940155478,6.0,0.08,False,1.4686391353607178,,,,,,False,5882.768860445993
openai,gpt-4.1,bode_phase_011,bode_phase,cp_phase_deg_at_fc,-45.0,-45.0,0.0,0.0,3.0,0.07,True,1.4686391353607178,,,,,,True,5882.768860445993
openai,gpt-4.1,bode_phase_012,bode_phase,cutoff_hz,400.0,370.34421610059235,29.655783899407652,0.08007627123668266,6.0,0.06,False,2.6907567977905273,,,,,,False,7406.884322011847
openai,gpt-4.1,bode_phase_012,bode_phase,phase_deg_at_fq,-81.0,-87.13759477388825,6.137594773888253,0.07043566889600963,6.0,0.08,True,2.6907567977905273,,,,,,False,7406.884322011847
openai,gpt-4.1,bode_phase_012,bode_phase,cp_phase_deg_at_fc,-45.0,-45.0,0.0,0.0,3.0,0.07,True,2.6907567977905273,,,,,,True,7406.884322011847
openai,gpt-4.1,bode_phase_013,bode_phase,cutoff_hz,1000.0,283.89951658899383,716.1004834110062,2.5223730283687558,6.0,0.06,False,1.7375292778015137,,,,sparse_log_phase_region,,False,5677.990331779876
openai,gpt-4.1,bode_phase_013,bode_phase,phase_deg_at_fq,-90.0,-87.13759477388825,2.862405226111747,0.03284925678221151,6.0,0.08,True,1.7375292778015137,,,,sparse_log_phase_region,,False,5677.990331779876
openai,gpt-4.1,bode_phase_013,bode_phase,cp_phase_deg_at_fc,-45.0,-45.0,0.0,0.0,3.0,0.07,True,1.7375292778015137,,,,sparse_log_phase_region,,True,5677.990331779876
openai,gpt-4.1,bode_phase_014,bode_phase,cutoff_hz,2000.0,424.12744897795255,1575.8725510220474,3.7155636939309864,6.0,0.06,False,1.298748254776001,,,,sparse_log_phase_region,,False,2120.6372448897628
openai,gpt-4.1,bode_phase_014,bode_phase,phase_deg_at_fq,-45.0,-78.69006752597979,33.690067525979785,0.4281362131867138,6.0,0.08,False,1.298748254776001,,,,sparse_log_phase_region,,False,2120.6372448897628
openai,gpt-4.1,bode_phase_014,bode_phase,cp_phase_deg_at_fc,-45.0,-45.0,0.0,0.0,3.0,0.07,True,1.298748254776001,,,,sparse_log_phase_region,,True,2120.6372448897628
openai,gpt-4.1,bandpass_response_000,bandpass_response,resonance_hz,2000.0,2032.473050848613,32.47305084861296,0.01597711262890033,12.0,0.05,True,1.8224480152130127,,,,,,False,
openai,gpt-4.1,bandpass_response_000,bandpass_response,bandwidth_hz,800.0,868.2634141823937,68.26341418239372,0.078620627182218,18.0,0.1,True,1.8224480152130127,,,,,,False,
openai,gpt-4.1,bandpass_response_000,bandpass_response,cp_f1_3db_hz,1600.0,1644.1890192472056,44.18901924720558,0.026875875419383098,18.0,0.1,True,1.8224480152130127,,,,,,True,
openai,gpt-4.1,bandpass_response_000,bandpass_response,cp_f2_3db_hz,2400.0,2512.4524334295993,112.4524334295993,0.04475803479236308,18.0,0.1,True,1.8224480152130127,,,,,,True,
openai,gpt-4.1,bandpass_response_000,bandpass_response,cp_q_factor,2.5,2.3408484310749236,0.15915156892507643,0.06798883977806014,0.8,0.1,True,1.8224480152130127,,,,,,True,
openai,gpt-4.1,bandpass_response_001,bandpass_response,resonance_hz,1000.0,1296.9989113622848,296.99891136228484,0.22898932972143834,12.0,0.05,False,1.8640849590301514,,,,,,False,
openai,gpt-4.1,bandpass_response_001,bandpass_response,bandwidth_hz,400.0,531.2890127673907,131.28901276739066,0.24711411230495692,18.0,0.1,False,1.8640849590301514,,,,,,False,
openai,gpt-4.1,bandpass_response_001,bandpass_response,cp_f1_3db_hz,800.0,1058.278897687246,258.27889768724594,0.24405560599543896,18.0,0.1,False,1.8640849590301514,,,,,,True,
openai,gpt-4.1,bandpass_response_001,bandpass_response,cp_f2_3db_hz,1200.0,1589.5679104546366,389.5679104546366,0.24507786543276106,18.0,0.1,False,1.8640849590301514,,,,,,True,
openai,gpt-4.1,bandpass_response_001,bandpass_response,cp_q_factor,2.5,2.4412304418012463,0.058769558198753735,0.024073744613552744,0.8,0.1,True,1.8640849590301514,,,,,,True,
openai,gpt-4.1,bandpass_response_002,bandpass_response,resonance_hz,1000.0,861.0214761328932,138.9785238671068,0.1614112164673304,12.0,0.05,False,2.1103596687316895,,,,,,False,
openai,gpt-4.1,bandpass_response_002,bandpass_response,bandwidth_hz,600.0,515.9883731749273,84.01162682507265,0.16281689897030205,18.0,0.1,False,2.1103596687316895,,,,,,False,
openai,gpt-4.1,bandpass_response_002,bandpass_response,cp_f1_3db_hz,700.0,640.8489491570294,59.15105084297056,0.0923010811218114,18.0,0.1,True,2.1103596687316895,,,,,,True,
openai,gpt-4.1,bandpass_response_002,bandpass_response,cp_f2_3db_hz,1300.0,1156.8373223319568,143.16267766804322,0.12375350872969362,18.0,0.1,False,2.1103596687316895,,,,,,True,
openai,gpt-4.1,bandpass_response_002,bandpass_response,cp_q_factor,1.67,1.6686838713728052,0.001316128627194768,0.0007887225673919924,0.8,0.1,True,2.1103596687316895,,,,,,True,
openai,gpt-4.1,bandpass_response_003,bandpass_response,resonance_hz,2000.0,2161.9674591577814,161.96745915778138,0.07491669611941228,12.0,0.05,False,1.7957348823547363,,,,,,False,
openai,gpt-4.1,bandpass_response_003,bandpass_response,bandwidth_hz,2000.0,1744.755146392551,255.24485360744893,0.14629264979397952,18.0,0.1,False,1.7957348823547363,,,,,,False,
openai,gpt-4.1,bandpass_response_003,bandpass_response,cp_f1_3db_hz,1000.0,1458.962368698294,458.9623686982941,0.3145813617576624,18.0,0.1,False,1.7957348823547363,,,,,,True,
openai,gpt-4.1,bandpass_response_003,bandpass_response,cp_f2_3db_hz,3000.0,3203.717515090845,203.71751509084515,0.06358785196611459,18.0,0.1,True,1.7957348823547363,,,,,,True,
openai,gpt-4.1,bandpass_response_003,bandpass_response,cp_q_factor,1.0,1.2391237037631648,0.23912370376316483,0.19297807235625994,0.8,0.1,True,1.7957348823547363,,,,,,True,
openai,gpt-4.1,bandpass_response_004,bandpass_response,resonance_hz,600.0,641.1321052037431,41.132105203743095,0.06415542892002245,12.0,0.05,False,2.045811891555786,,,,,,False,
openai,gpt-4.1,bandpass_response_004,bandpass_response,bandwidth_hz,400.0,371.0391199075896,28.960880092410378,0.07805344110244582,18.0,0.1,True,2.045811891555786,,,,,,False,
openai,gpt-4.1,bandpass_response_004,bandpass_response,cp_f1_3db_hz,400.0,481.914244590471,81.91424459047101,0.16997680709787163,18.0,0.1,False,2.045811891555786,,,,,,True,
openai,gpt-4.1,bandpass_response_004,bandpass_response,cp_f2_3db_hz,800.0,852.9533644980606,52.95336449806064,0.062082367808259036,18.0,0.1,True,2.045811891555786,,,,,,True,
openai,gpt-4.1,bandpass_response_004,bandpass_response,cp_q_factor,1.5,1.7279366805403762,0.2279366805403762,0.13191263494047348,0.8,0.1,True,2.045811891555786,,,,,,True,
openai,gpt-4.1,bandpass_response_005,bandpass_response,resonance_hz,2000.0,2217.274575379074,217.27457537907412,0.09799173173756705,12.0,0.05,False,2.1519548892974854,,,,,,False,
openai,gpt-4.1,bandpass_response_005,bandpass_response,bandwidth_hz,2000.0,1477.9856585553562,522.0143414446438,0.3531931033450501,18.0,0.1,False,2.1519548892974854,,,,,,False,
openai,gpt-4.1,bandpass_response_005,bandpass_response,cp_f1_3db_hz,1000.0,1598.1885809569403,598.1885809569403,0.3742916124446125,18.0,0.1,False,2.1519548892974854,,,,,,True,
openai,gpt-4.1,bandpass_response_005,bandpass_response,cp_f2_3db_hz,3000.0,3076.1742395122965,76.17423951229648,0.024762654382143617,18.0,0.1,True,2.1519548892974854,,,,,,True,
openai,gpt-4.1,bandpass_response_005,bandpass_response,cp_q_factor,1.0,1.5002003318126438,0.5002003318126438,0.3334223578048858,0.8,0.1,True,2.1519548892974854,,,,,,True,
openai,gpt-4.1,bandpass_response_006,bandpass_response,resonance_hz,500.0,492.6466373357739,7.353362664226097,0.014926241461817296,12.0,0.05,True,2.0270490646362305,,,,,,False,
openai,gpt-4.1,bandpass_response_006,bandpass_response,bandwidth_hz,400.0,193.4799042891574,206.5200957108426,1.0673981696941328,18.0,0.1,False,2.0270490646362305,,,,,,False,
openai,gpt-4.1,bandpass_response_006,bandpass_response,cp_f1_3db_hz,300.0,405.31515202146886,105.31515202146886,0.25983522080588417,18.0,0.1,False,2.0270490646362305,,,,,,True,
openai,gpt-4.1,bandpass_response_006,bandpass_response,cp_f2_3db_hz,700.0,598.7950563106263,101.20494368937375,0.1690143273943021,18.0,0.1,False,2.0270490646362305,,,,,,True,
openai,gpt-4.1,bandpass_response_006,bandpass_response,cp_q_factor,1.25,2.546241890834871,1.296241890834871,0.5090804198535335,0.8,0.1,False,2.0270490646362305,,,,,,True,
openai,gpt-4.1,bandpass_response_007,bandpass_response,resonance_hz,2000.0,2446.4913232627505,446.4913232627505,0.18250272094457692,12.0,0.05,False,2.130599021911621,,,,,,False,
openai,gpt-4.1,bandpass_response_007,bandpass_response,bandwidth_hz,1000.0,853.6734118272766,146.3265881727234,0.17140815930944048,18.0,0.1,False,2.130599021911621,,,,,,False,
openai,gpt-4.1,bandpass_response_007,bandpass_response,cp_f1_3db_hz,1500.0,2056.6103678761638,556.6103678761638,0.27064454043911507,18.0,0.1,False,2.130599021911621,,,,,,True,
openai,gpt-4.1,bandpass_response_007,bandpass_response,cp_f2_3db_hz,2500.0,2910.2837797034404,410.28377970344036,0.14097724165759826,18.0,0.1,False,2.130599021911621,,,,,,True,
openai,gpt-4.1,bandpass_response_007,bandpass_response,cp_q_factor,2.0,2.8658398977497357,0.8658398977497357,0.3021243086292417,0.8,0.1,False,2.130599021911621,,,,,,True,
openai,gpt-4.1,bandpass_response_008,bandpass_response,resonance_hz,2000.0,2068.697122732821,68.69712273282084,0.03320791718512643,12.0,0.05,True,1.7592039108276367,,,,,,False,
openai,gpt-4.1,bandpass_response_008,bandpass_response,bandwidth_hz,800.0,713.5692089072941,86.43079109270593,0.12112460853665408,18.0,0.1,False,1.7592039108276367,,,,,,False,
openai,gpt-4.1,bandpass_response_008,bandpass_response,cp_f1_3db_hz,1600.0,1742.454076491947,142.45407649194703,0.0817548527756596,18.0,0.1,True,1.7592039108276367,,,,,,True,
openai,gpt-4.1,bandpass_response_008,bandpass_response,cp_f2_3db_hz,2400.0,2456.023285399241,56.023285399241104,0.022810567689766095,18.0,0.1,True,1.7592039108276367,,,,,,True,
openai,gpt-4.1,bandpass_response_008,bandpass_response,cp_q_factor,2.5,2.899084064880921,0.39908406488092085,0.13765867285994451,0.8,0.1,True,1.7592039108276367,,,,,,True,
openai,gpt-4.1,bandpass_response_009,bandpass_response,resonance_hz,2000.0,1854.366185480007,145.63381451999294,0.0785356288635598,12.0,0.05,False,1.6646459102630615,,,,,,False,
openai,gpt-4.1,bandpass_response_009,bandpass_response,bandwidth_hz,1000.0,488.13994972365117,511.86005027634883,1.0485928278685779,18.0,0.1,False,1.6646459102630615,,,,,,False,
openai,gpt-4.1,bandpass_response_009,bandpass_response,cp_f1_3db_hz,1500.0,1626.2893763005986,126.28937630059863,0.07765492300507758,18.0,0.1,True,1.6646459102630615,,,,,,True,
openai,gpt-4.1,bandpass_response_009,bandpass_response,cp_f2_3db_hz,2500.0,2114.42932602425,385.5706739757502,0.1823521217901081,18.0,0.1,False,1.6646459102630615,,,,,,True,
openai,gpt-4.1,bandpass_response_009,bandpass_response,cp_q_factor,2.0,3.798841267816357,1.798841267816357,0.4735236723513756,0.8,0.1,False,1.6646459102630615,,,,,,True,
openai,gpt-4.1,bandpass_response_010,bandpass_response,resonance_hz,100.0,115.34240032289027,15.34240032289027,0.1330161352628405,12.0,0.05,False,1.943016767501831,,,,,,False,
openai,gpt-4.1,bandpass_response_010,bandpass_response,bandwidth_hz,40.0,33.79881043335372,6.201189566646278,0.1834736041634989,18.0,0.1,True,1.943016767501831,,,,,,False,
openai,gpt-4.1,bandpass_response_010,bandpass_response,cp_f1_3db_hz,80.0,99.6744306510826,19.674430651082602,0.19738693787932773,18.0,0.1,False,1.943016767501831,,,,,,True,
openai,gpt-4.1,bandpass_response_010,bandpass_response,cp_f2_3db_hz,120.0,133.47324108443632,13.473241084436324,0.1009433874158569,18.0,0.1,True,1.943016767501831,,,,,,True,
openai,gpt-4.1,bandpass_response_010,bandpass_response,cp_q_factor,2.5,3.4126171555750027,0.9126171555750027,0.26742441767430924,0.8,0.1,False,1.943016767501831,,,,,,True,
openai,gpt-4.1,bandpass_response_011,bandpass_response,resonance_hz,3000.0,3191.536528476412,191.53652847641206,0.06001389198194404,12.0,0.05,False,1.5023858547210693,,,,,,False,
openai,gpt-4.1,bandpass_response_011,bandpass_response,bandwidth_hz,1300.0,720.3261984833189,579.6738015166811,0.8047379128195141,18.0,0.1,False,1.5023858547210693,,,,,,False,
openai,gpt-4.1,bandpass_response_011,bandpass_response,cp_f1_3db_hz,2350.0,2851.6312389211416,501.63123892114163,0.17591027622173333,18.0,0.1,False,1.5023858547210693,,,,,,True,
openai,gpt-4.1,bandpass_response_011,bandpass_response,cp_f2_3db_hz,3650.0,3571.9574374044605,78.0425625955395,0.021848682119865518,18.0,0.1,True,1.5023858547210693,,,,,,True,
openai,gpt-4.1,bandpass_response_011,bandpass_response,cp_q_factor,2.0,4.430682286992121,2.4306822869921207,0.5486022534561489,0.8,0.1,False,1.5023858547210693,,,,,,True,
openai,gpt-4.1,bandpass_response_012,bandpass_response,resonance_hz,100.0,115.60987802581847,15.609878025818475,0.13502200929865538,12.0,0.05,False,1.7364568710327148,,,,,,False,
openai,gpt-4.1,bandpass_response_012,bandpass_response,bandwidth_hz,20.0,19.277168328671493,0.7228316713285068,0.03749677644581327,18.0,0.1,True,1.7364568710327148,,,,,,False,
openai,gpt-4.1,bandpass_response_012,bandpass_response,cp_f1_3db_hz,90.0,106.37239032444961,16.37239032444961,0.15391578843449596,18.0,0.1,True,1.7364568710327148,,,,,,True,
openai,gpt-4.1,bandpass_response_012,bandpass_response,cp_f2_3db_hz,110.0,125.6495586531211,15.649558653121105,0.1245492528654606,18.0,0.1,True,1.7364568710327148,,,,,,True,
openai,gpt-4.1,bandpass_response_012,bandpass_response,cp_q_factor,5.0,5.997243788854019,0.9972437888540187,0.16628368363270699,0.8,0.1,False,1.7364568710327148,,,,,,True,
openai,gpt-4.1,bandpass_response_013,bandpass_response,resonance_hz,1000.0,675.6309898268784,324.36901017312164,0.48009788635692535,12.0,0.05,False,2.003200054168701,,,,high_Q_narrow_band_sparse,,False,
openai,gpt-4.1,bandpass_response_013,bandpass_response,bandwidth_hz,1000.0,86.86969263288836,913.1303073671116,10.511494627084772,18.0,0.1,False,2.003200054168701,,,,high_Q_narrow_band_sparse,,False,
openai,gpt-4.1,bandpass_response_013,bandpass_response,cp_f1_3db_hz,500.0,633.5908698044285,133.5908698044285,0.21084721414256524,18.0,0.1,False,2.003200054168701,,,,high_Q_narrow_band_sparse,,True,
openai,gpt-4.1,bandpass_response_013,bandpass_response,cp_f2_3db_hz,1500.0,720.4605624373169,779.5394375626831,1.0820015393007807,18.0,0.1,False,2.003200054168701,,,,high_Q_narrow_band_sparse,,True,
openai,gpt-4.1,bandpass_response_013,bandpass_response,cp_q_factor,1.0,7.7775225092840685,6.7775225092840685,0.8714243515455861,0.8,0.1,False,2.003200054168701,,hz_vs_rad_s,,high_Q_narrow_band_sparse,,True,
openai,gpt-4.1,bandpass_response_014,bandpass_response,resonance_hz,2000.0,1563.263334814585,436.73666518541495,0.27937498146287376,12.0,0.05,False,2.2220239639282227,,,,high_Q_narrow_band_sparse,,False,
openai,gpt-4.1,bandpass_response_014,bandpass_response,bandwidth_hz,2000.0,244.4480874242172,1755.5519125757828,7.181696249188417,18.0,0.1,False,2.2220239639282227,,,,high_Q_narrow_band_sparse,,False,
openai,gpt-4.1,bandpass_response_014,bandpass_response,cp_f1_3db_hz,1000.0,1445.8100665153943,445.8100665153943,0.3083462183866649,18.0,0.1,False,2.2220239639282227,,,,high_Q_narrow_band_sparse,,True,
openai,gpt-4.1,bandpass_response_014,bandpass_response,cp_f2_3db_hz,3000.0,1690.2581539396115,1309.7418460603885,0.7748768097983583,18.0,0.1,False,2.2220239639282227,,,,high_Q_narrow_band_sparse,,True,
openai,gpt-4.1,bandpass_response_014,bandpass_response,cp_q_factor,1.0,6.395072881473134,5.395072881473134,0.8436296163415036,0.8,0.1,False,2.2220239639282227,,hz_vs_rad_s,,high_Q_narrow_band_sparse,,True,
openai,gpt-4.1,time_waveform_000,time_waveform,frequency_hz,150.0,108.98006162428744,41.019938375712556,0.3763985610242195,1.0,0.02,False,2.2051358222961426,,,,,,False,
openai,gpt-4.1,time_waveform_000,time_waveform,vpp_v,6.6,6.3777657357643935,0.2222342642356061,0.03484515948734054,0.25,0.1,True,2.2051358222961426,,,,,,False,
openai,gpt-4.1,time_waveform_000,time_waveform,cp_period_s,0.0067,0.00917599040682813,0.00247599040682813,0.2698335871172741,0.02,0.05,True,2.2051358222961426,,,,,,True,
openai,gpt-4.1,time_waveform_000,time_waveform,cp_vmax_v,3.3,3.1888828678821968,0.11111713211780305,0.03484515948734054,0.15,0.1,True,2.2051358222961426,,,,,,True,
openai,gpt-4.1,time_waveform_000,time_waveform,cp_vmin_v,-3.3,-3.1888828678821968,0.11111713211780305,0.03484515948734054,0.15,0.1,True,2.2051358222961426,,,,,,True,
openai,gpt-4.1,time_waveform_000,time_waveform,cp_duty,0.5,0.6823738106003999,0.18237381060039992,0.26726378968139874,0.08,0.15,False,2.2051358222961426,,,,,,True,
openai,gpt-4.1,time_waveform_001,time_waveform,frequency_hz,120.0,115.17533246920915,4.8246675307908475,0.04188976430418092,1.0,0.02,False,1.6283929347991943,,,,,,False,
openai,gpt-4.1,time_waveform_001,time_waveform,vpp_v,3.6,3.66102940461721,0.06102940461720996,0.016670012139274548,0.25,0.1,True,1.6283929347991943,,,,,,False,
openai,gpt-4.1,time_waveform_001,time_waveform,cp_period_s,0.0083,0.00868241470253484,0.0003824147025348404,0.044044740505563965,0.02,0.05,True,1.6283929347991943,,,,,,True,
openai,gpt-4.1,time_waveform_001,time_waveform,cp_vmax_v,1.8,1.830514702308605,0.03051470230860498,0.016670012139274548,0.15,0.1,True,1.6283929347991943,,,,,,True,
openai,gpt-4.1,time_waveform_001,time_waveform,cp_vmin_v,-1.8,-1.830514702308605,0.03051470230860498,0.016670012139274548,0.15,0.1,True,1.6283929347991943,,,,,,True,
openai,gpt-4.1,time_waveform_002,time_waveform,frequency_hz,100.0,91.66752312652834,8.332476873471663,0.09089889842414937,1.0,0.02,False,2.0679290294647217,,,,,,False,
openai,gpt-4.1,time_waveform_002,time_waveform,vpp_v,7.6,7.576947217251192,0.023052782748807843,0.003042489552562973,0.25,0.1,True,2.0679290294647217,,,,,,False,
openai,gpt-4.1,time_waveform_002,time_waveform,cp_period_s,0.01,0.010908988984241494,0.0009089889842414933,0.08332476873471659,0.02,0.05,True,2.0679290294647217,,,,,,True,
openai,gpt-4.1,time_waveform_002,time_waveform,cp_vmax_v,3.8,3.788473608625596,0.011526391374403921,0.003042489552562973,0.15,0.1,True,2.0679290294647217,,,,,,True,
openai,gpt-4.1,time_waveform_002,time_waveform,cp_vmin_v,-3.8,-3.788473608625596,0.011526391374403921,0.003042489552562973,0.15,0.1,True,2.0679290294647217,,,,,,True,
openai,gpt-4.1,time_waveform_003,time_waveform,frequency_hz,30.0,29.185122653874252,0.8148773461257477,0.02792098411885806,1.0,0.02,True,1.7382409572601318,,,,,,False,
openai,gpt-4.1,time_waveform_003,time_waveform,vpp_v,3.4,3.4684095483402713,0.06840954834027135,0.01972360743067588,0.25,0.1,True,1.7382409572601318,,,,,,False,
openai,gpt-4.1,time_waveform_003,time_waveform,cp_period_s,0.033,0.03426403280396194,0.001264032803961937,0.036890952422149716,0.02,0.05,True,1.7382409572601318,,,,,,True,
openai,gpt-4.1,time_waveform_003,time_waveform,cp_vmax_v,1.7,1.7342047741701356,0.03420477417013568,0.01972360743067588,0.15,0.1,True,1.7382409572601318,,,,,,True,
openai,gpt-4.1,time_waveform_003,time_waveform,cp_vmin_v,-1.7,-1.7342047741701356,0.03420477417013568,0.01972360743067588,0.15,0.1,True,1.7382409572601318,,,,,,True,
openai,gpt-4.1,time_waveform_004,time_waveform,frequency_hz,40.0,47.96144344597959,7.96144344597959,0.1659967439250823,1.0,0.02,False,1.9562628269195557,,,,,,False,
openai,gpt-4.1,time_waveform_004,time_waveform,vpp_v,3.4,3.4063077424570882,0.006307742457088317,0.001851782908064062,0.25,0.1,True,1.9562628269195557,,,,,,False,
openai,gpt-4.1,time_waveform_004,time_waveform,cp_period_s,0.025,0.020850081401872944,0.004149918598127057,0.19903608614948975,0.02,0.05,True,1.9562628269195557,,,,,,True,
openai,gpt-4.1,time_waveform_004,time_waveform,cp_vmax_v,1.7,1.7031538712285441,0.0031538712285441584,0.001851782908064062,0.15,0.1,True,1.9562628269195557,,,,,,True,
openai,gpt-4.1,time_waveform_004,time_waveform,cp_vmin_v,-1.7,-1.7031538712285441,0.0031538712285441584,0.001851782908064062,0.15,0.1,True,1.9562628269195557,,,,,,True,
openai,gpt-4.1,time_waveform_004,time_waveform,cp_duty,0.2,0.21872229071089005,0.018722290710890044,0.08559845752364312,0.08,0.15,True,1.9562628269195557,,,,,,True,
openai,gpt-4.1,time_waveform_005,time_waveform,frequency_hz,40.0,48.01416006176767,8.014160061767669,0.16691242857227695,1.0,0.02,False,1.888178825378418,,,,,,False,
openai,gpt-4.1,time_waveform_005,time_waveform,vpp_v,6.0,5.275195699822893,0.724804300177107,0.13739856138445086,0.25,0.1,False,1.888178825378418,,,,,,False,
openai,gpt-4.1,time_waveform_005,time_waveform,cp_period_s,0.025,0.020827189285693076,0.004172810714306925,0.20035400154419178,0.02,0.05,True,1.888178825378418,,,,,,True,
openai,gpt-4.1,time_waveform_005,time_waveform,cp_vmax_v,3.0,2.6375978499114465,0.3624021500885535,0.13739856138445086,0.15,0.1,False,1.888178825378418,,,,,,True,
openai,gpt-4.1,time_waveform_005,time_waveform,cp_vmin_v,-3.0,-2.6375978499114465,0.3624021500885535,0.13739856138445086,0.15,0.1,False,1.888178825378418,,,,,,True,
openai,gpt-4.1,time_waveform_005,time_waveform,cp_duty,0.5,0.7184573739054116,0.21845737390541164,0.3040644884997347,0.08,0.15,False,1.888178825378418,,,,,,True,
openai,gpt-4.1,time_waveform_006,time_waveform,frequency_hz,80.0,80.29195749643164,0.2919574964316354,0.003636198512716677,1.0,0.02,True,1.7989728450775146,,,,,,False,
openai,gpt-4.1,time_waveform_006,time_waveform,vpp_v,8.0,7.840524455999274,0.15947554400072583,0.02033990773138921,0.25,0.1,True,1.7989728450775146,,,,,,False,
openai,gpt-4.1,time_waveform_006,time_waveform,cp_period_s,0.0125,0.012454547518591041,4.545248140895922e-05,0.0036494687053955023,0.02,0.05,True,1.7989728450775146,,,,,,True,
openai,gpt-4.1,time_waveform_006,time_waveform,cp_vmax_v,4.0,3.920262227999637,0.07973777200036292,0.02033990773138921,0.15,0.1,True,1.7989728450775146,,,,,,True,
openai,gpt-4.1,time_waveform_006,time_waveform,cp_vmin_v,-4.0,-3.920262227999637,0.07973777200036292,0.02033990773138921,0.15,0.1,True,1.7989728450775146,,,,,,True,
openai,gpt-4.1,time_waveform_007,time_waveform,frequency_hz,100.0,89.08434613089787,10.91565386910213,0.12253167187266542,1.0,0.02,False,1.6609711647033691,,,,,,False,
openai,gpt-4.1,time_waveform_007,time_waveform,vpp_v,8.0,8.2181413099129,0.21814130991289993,0.026543874300357085,0.25,0.1,True,1.6609711647033691,,,,,,False,
openai,gpt-4.1,time_waveform_007,time_waveform,cp_period_s,0.01,0.011225316718726654,0.0012253167187266534,0.10915653869102122,0.02,0.05,True,1.6609711647033691,,,,,,True,
openai,gpt-4.1,time_waveform_007,time_waveform,cp_vmax_v,4.0,4.10907065495645,0.10907065495644996,0.026543874300357085,0.15,0.1,True,1.6609711647033691,,,,,,True,
openai,gpt-4.1,time_waveform_007,time_waveform,cp_vmin_v,-4.0,-4.10907065495645,0.10907065495644996,0.026543874300357085,0.15,0.1,True,1.6609711647033691,,,,,,True,
openai,gpt-4.1,time_waveform_008,time_waveform,frequency_hz,4.0,4.294810089577943,0.2948100895779433,0.06864333542788027,1.0,0.02,True,1.7250750064849854,,,,,,False,
openai,gpt-4.1,time_waveform_008,time_waveform,vpp_v,8.0,7.550025025798579,0.44997497420142096,0.05959913677952695,0.25,0.1,True,1.7250750064849854,,,,,,False,
openai,gpt-4.1,time_waveform_008,time_waveform,cp_period_s,0.25,0.23283916614302994,0.017160833856970065,0.0737025223944858,0.02,0.05,True,1.7250750064849854,,,,,,True,
openai,gpt-4.1,time_waveform_008,time_waveform,cp_vmax_v,4.0,3.7750125128992895,0.22498748710071048,0.05959913677952695,0.15,0.1,True,1.7250750064849854,,,,,,True,
openai,gpt-4.1,time_waveform_008,time_waveform,cp_vmin_v,-4.0,-3.7750125128992895,0.22498748710071048,0.05959913677952695,0.15,0.1,True,1.7250750064849854,,,,,,True,
openai,gpt-4.1,time_waveform_009,time_waveform,frequency_hz,133.0,62.65537071265811,70.34462928734189,1.1227230560959771,1.0,0.02,False,1.7969410419464111,,,,,,False,
openai,gpt-4.1,time_waveform_009,time_waveform,vpp_v,8.4,8.325864061935977,0.07413593806402297,0.008904293597940927,0.25,0.1,True,1.7969410419464111,,,,,,False,
openai,gpt-4.1,time_waveform_009,time_waveform,cp_period_s,0.0075,0.01596032373004494,0.00846032373004494,0.5300847196550642,0.02,0.05,True,1.7969410419464111,,,,,,True,
openai,gpt-4.1,time_waveform_009,time_waveform,cp_vmax_v,4.2,4.162932030967989,0.03706796903201148,0.008904293597940927,0.15,0.1,True,1.7969410419464111,,,,,,True,
openai,gpt-4.1,time_waveform_009,time_waveform,cp_vmin_v,-4.2,-4.162932030967989,0.03706796903201148,0.008904293597940927,0.15,0.1,True,1.7969410419464111,,,,,,True,
openai,gpt-4.1,time_waveform_009,time_waveform,cp_duty,0.5,0.3980541484346982,0.10194585156530178,0.25611051151254677,0.08,0.15,False,1.7969410419464111,,,,,,True,
openai,gpt-4.1,time_waveform_010,time_waveform,frequency_hz,50.0,60.61032812619263,10.610328126192627,0.1750580875276172,1.0,0.02,False,1.6800241470336914,,,,,,False,
openai,gpt-4.1,time_waveform_010,time_waveform,vpp_v,10.0,9.576308202600192,0.4236917973998082,0.044243751186366996,0.25,0.1,True,1.6800241470336914,,,,,,False,
openai,gpt-4.1,time_waveform_010,time_waveform,cp_period_s,0.02,0.016498838249447655,0.003501161750552345,0.21220656252385264,0.02,0.05,True,1.6800241470336914,,,,,,True,
openai,gpt-4.1,time_waveform_010,time_waveform,cp_vmax_v,5.0,4.788154101300096,0.2118458986999041,0.044243751186366996,0.15,0.1,True,1.6800241470336914,,,,,,True,
openai,gpt-4.1,time_waveform_010,time_waveform,cp_vmin_v,-5.0,-4.788154101300096,0.2118458986999041,0.044243751186366996,0.15,0.1,True,1.6800241470336914,,,,,,True,
openai,gpt-4.1,time_waveform_011,time_waveform,frequency_hz,33.0,35.51318212158666,2.5131821215866594,0.07076758463891704,1.0,0.02,False,1.7889280319213867,,,,,,False,
openai,gpt-4.1,time_waveform_011,time_waveform,vpp_v,4.8,4.844541066501126,0.0445410665011261,0.009194073471503259,0.25,0.1,True,1.7889280319213867,,,,,,False,
openai,gpt-4.1,time_waveform_011,time_waveform,cp_period_s,0.03,0.028158558041244938,0.0018414419587550607,0.06539546364759974,0.02,0.05,True,1.7889280319213867,,,,,,True,
openai,gpt-4.1,time_waveform_011,time_waveform,cp_vmax_v,2.4,2.422270533250563,0.02227053325056305,0.009194073471503259,0.15,0.1,True,1.7889280319213867,,,,,,True,
openai,gpt-4.1,time_waveform_011,time_waveform,cp_vmin_v,-2.4,-2.422270533250563,0.02227053325056305,0.009194073471503259,0.15,0.1,True,1.7889280319213867,,,,,,True,
openai,gpt-4.1,time_waveform_012,time_waveform,frequency_hz,75.0,82.92752444548549,7.9275244454854885,0.09559581693164913,1.0,0.02,False,1.8220829963684082,,,,,,False,
openai,gpt-4.1,time_waveform_012,time_waveform,vpp_v,6.0,5.954463494432604,0.04553650556739619,0.007647457341870114,0.25,0.1,True,1.8220829963684082,,,,,,False,
openai,gpt-4.1,time_waveform_012,time_waveform,cp_period_s,0.013,0.012058722440911345,0.0009412775590886546,0.07805781779131132,0.02,0.05,True,1.8220829963684082,,,,,,True,
openai,gpt-4.1,time_waveform_012,time_waveform,cp_vmax_v,3.0,2.977231747216302,0.022768252783698095,0.007647457341870114,0.15,0.1,True,1.8220829963684082,,,,,,True,
openai,gpt-4.1,time_waveform_012,time_waveform,cp_vmin_v,-3.0,-2.977231747216302,0.022768252783698095,0.007647457341870114,0.15,0.1,True,1.8220829963684082,,,,,,True,
openai,gpt-4.1,time_waveform_013,time_waveform,frequency_hz,40.0,29.270800541593104,10.729199458406896,0.36654957363263646,1.0,0.02,False,1.8180782794952393,,,,short_window_low_cycles,,False,
openai,gpt-4.1,time_waveform_013,time_waveform,vpp_v,2.9,2.876009253648035,0.023990746351965075,0.008341679124131586,0.25,0.1,True,1.8180782794952393,,,,short_window_low_cycles,,False,
openai,gpt-4.1,time_waveform_013,time_waveform,cp_period_s,0.025,0.03416373934081591,0.009163739340815907,0.2682299864601723,0.02,0.05,True,1.8180782794952393,,,,short_window_low_cycles,,True,
openai,gpt-4.1,time_waveform_013,time_waveform,cp_vmax_v,1.45,1.4380046268240174,0.011995373175982538,0.008341679124131586,0.15,0.1,True,1.8180782794952393,,,,short_window_low_cycles,,True,
openai,gpt-4.1,time_waveform_013,time_waveform,cp_vmin_v,-1.45,-1.4380046268240174,0.011995373175982538,0.008341679124131586,0.15,0.1,True,1.8180782794952393,,,,short_window_low_cycles,,True,
openai,gpt-4.1,time_waveform_014,time_waveform,frequency_hz,4.0,4.096591244767414,0.09659124476741443,0.023578443392611028,1.0,0.02,True,1.5696499347686768,,,,short_window_low_cycles,,False,
openai,gpt-4.1,time_waveform_014,time_waveform,vpp_v,3.6,3.577353329280145,0.022646670719855155,0.006330565822082843,0.25,0.1,True,1.5696499347686768,,,,short_window_low_cycles,,False,
openai,gpt-4.1,time_waveform_014,time_waveform,cp_period_s,0.25,0.24410538915184724,0.005894610848152765,0.02414781119185364,0.02,0.05,True,1.5696499347686768,,,,short_window_low_cycles,,True,
openai,gpt-4.1,time_waveform_014,time_waveform,cp_vmax_v,1.8,1.7886766646400725,0.011323335359927578,0.006330565822082843,0.15,0.1,True,1.5696499347686768,,,,short_window_low_cycles,,True,
openai,gpt-4.1,time_waveform_014,time_waveform,cp_vmin_v,-1.8,-1.7886766646400725,0.011323335359927578,0.006330565822082843,0.15,0.1,True,1.5696499347686768,,,,short_window_low_cycles,,True,
openai,gpt-4.1,fft_spectrum_000,fft_spectrum,dominant_frequency_hz,260.0,259.1065072378426,0.8934927621573934,0.0034483609527306324,2.0,0.03,True,1.2551522254943848,,,,,,False,
openai,gpt-4.1,fft_spectrum_000,fft_spectrum,secondary_frequency_hz,130.0,130.31368480257126,0.3136848025712595,0.0024071516590640535,3.0,0.04,True,1.2551522254943848,,,,,,False,
openai,gpt-4.1,fft_spectrum_000,fft_spectrum,cp_peak_ratio,2.3,2.2670859609639913,0.032914039036008536,0.014518213955157264,0.8,0.25,True,1.2551522254943848,,,,,,True,
openai,gpt-4.1,fft_spectrum_001,fft_spectrum,dominant_frequency_hz,40.0,35.60002708782826,4.399972912171741,0.12359465068149071,2.0,0.03,False,1.1833462715148926,,,,,,False,
openai,gpt-4.1,fft_spectrum_001,fft_spectrum,secondary_frequency_hz,280.0,277.2282455059784,2.771754494021593,0.00999809557270318,3.0,0.04,True,1.1833462715148926,,,,,,False,
openai,gpt-4.1,fft_spectrum_001,fft_spectrum,cp_peak_ratio,2.3,2.340588612406002,0.04058861240600198,0.01734119878686371,0.8,0.25,True,1.1833462715148926,,,,,,True,
openai,gpt-4.1,fft_spectrum_002,fft_spectrum,dominant_frequency_hz,,837.6541844459106,,,2.0,0.03,False,1.4976041316986084,,missing_value,,,,False,
openai,gpt-4.1,fft_spectrum_002,fft_spectrum,secondary_frequency_hz,,549.4258560614486,,,3.0,0.04,False,1.4976041316986084,,missing_value,,,,False,
openai,gpt-4.1,fft_spectrum_002,fft_spectrum,cp_peak_ratio,,3.7458899849605856,,,0.8,0.25,False,1.4976041316986084,,missing_value,,,,True,
openai,gpt-4.1,fft_spectrum_003,fft_spectrum,dominant_frequency_hz,600.0,616.712486405079,16.71248640507895,0.027099315764626153,2.0,0.03,True,1.4471280574798584,,,,,,False,
openai,gpt-4.1,fft_spectrum_003,fft_spectrum,secondary_frequency_hz,1200.0,1235.8662018432367,35.866201843236695,0.02902110421803261,3.0,0.04,True,1.4471280574798584,,,,,,False,
openai,gpt-4.1,fft_spectrum_003,fft_spectrum,cp_peak_ratio,2.6,5.2895750859564865,2.6895750859564864,0.5084671343634296,0.8,0.25,False,1.4471280574798584,,,,,,True,
openai,gpt-4.1,fft_spectrum_004,fft_spectrum,dominant_frequency_hz,600.0,584.1138066630722,15.886193336927818,0.027197085834492648,2.0,0.03,True,1.6132879257202148,,,,,,False,
openai,gpt-4.1,fft_spectrum_004,fft_spectrum,secondary_frequency_hz,700.0,673.4548518061866,26.54514819381336,0.03941637382612959,3.0,0.04,True,1.6132879257202148,,,,,,False,
openai,gpt-4.1,fft_spectrum_004,fft_spectrum,cp_peak_ratio,2.5,2.614273656351621,0.1142736563516209,0.04371143628134814,0.8,0.25,True,1.6132879257202148,,,,,,True,
openai,gpt-4.1,fft_spectrum_005,fft_spectrum,dominant_frequency_hz,850.0,839.2677924199588,10.732207580041177,0.012787584221593621,2.0,0.03,True,1.3302700519561768,,,,,,False,
openai,gpt-4.1,fft_spectrum_005,fft_spectrum,secondary_frequency_hz,100.0,90.81892580881114,9.181074191188856,0.10109208085676476,3.0,0.04,False,1.3302700519561768,,,,,,False,
openai,gpt-4.1,fft_spectrum_005,fft_spectrum,cp_peak_ratio,5.0,5.1210410390155525,0.12104103901555252,0.02363602206921992,0.8,0.25,True,1.3302700519561768,,,,,,True,
openai,gpt-4.1,fft_spectrum_006,fft_spectrum,dominant_frequency_hz,570.0,573.1108378101706,3.110837810170551,0.005427986359596541,2.0,0.03,True,1.9756910800933838,,,,,,False,
openai,gpt-4.1,fft_spectrum_006,fft_spectrum,secondary_frequency_hz,300.0,303.37145232632867,3.371452326328665,0.011113281426039002,3.0,0.04,True,1.9756910800933838,,,,,,False,
openai,gpt-4.1,fft_spectrum_006,fft_spectrum,cp_peak_ratio,2.0,1.9413416676392972,0.058658332360702836,0.030215357419300804,0.8,0.25,True,1.9756910800933838,,,,,,True,
openai,gpt-4.1,fft_spectrum_007,fft_spectrum,dominant_frequency_hz,215.0,214.54750512969377,0.45249487030622504,0.0021090661018532578,2.0,0.03,True,1.4874787330627441,,,,,,False,
openai,gpt-4.1,fft_spectrum_007,fft_spectrum,secondary_frequency_hz,145.0,143.9513345638606,1.0486654361394017,0.0072848608129727765,3.0,0.04,True,1.4874787330627441,,,,,,False,
openai,gpt-4.1,fft_spectrum_007,fft_spectrum,cp_peak_ratio,2.1,2.097071145422127,0.0029288545778731745,0.0013966405404350814,0.8,0.25,True,1.4874787330627441,,,,,,True,
openai,gpt-4.1,fft_spectrum_008,fft_spectrum,dominant_frequency_hz,950.0,939.6855420319224,10.31445796807759,0.010976499591314554,2.0,0.03,True,1.576409101486206,,,,,,False,
openai,gpt-4.1,fft_spectrum_008,fft_spectrum,secondary_frequency_hz,1200.0,1182.7506049225428,17.249395077457166,0.014584135493709438,3.0,0.04,True,1.576409101486206,,,,,,False,
openai,gpt-4.1,fft_spectrum_008,fft_spectrum,cp_peak_ratio,2.2,2.231600550812685,0.03160055081268487,0.014160487100245988,0.8,0.25,True,1.576409101486206,,,,,,True,
openai,gpt-4.1,fft_spectrum_009,fft_spectrum,dominant_frequency_hz,1500.0,1487.090946606909,12.909053393090971,0.008680742373252639,2.0,0.03,True,1.4132018089294434,,,,,,False,
openai,gpt-4.1,fft_spectrum_009,fft_spectrum,secondary_frequency_hz,350.0,324.0493144713512,25.95068552864882,0.08008251944919047,3.0,0.04,False,1.4132018089294434,,,,,,False,
openai,gpt-4.1,fft_spectrum_009,fft_spectrum,cp_peak_ratio,1.2,1.1643495409426667,0.03565045905733322,0.03061834767287349,0.8,0.25,True,1.4132018089294434,,,,,,True,
openai,gpt-4.1,fft_spectrum_010,fft_spectrum,dominant_frequency_hz,,497.01245038800414,,,2.0,0.03,False,1.5583701133728027,,missing_value,,,,False,
openai,gpt-4.1,fft_spectrum_010,fft_spectrum,secondary_frequency_hz,,388.34125455989556,,,3.0,0.04,False,1.5583701133728027,,missing_value,,,,False,
openai,gpt-4.1,fft_spectrum_010,fft_spectrum,cp_peak_ratio,,2.3978745657718887,,,0.8,0.25,False,1.5583701133728027,,missing_value,,,,True,
openai,gpt-4.1,fft_spectrum_011,fft_spectrum,dominant_frequency_hz,700.0,680.4387024187878,19.561297581212216,0.028748067256722378,2.0,0.03,True,1.3146061897277832,,,,,,False,
openai,gpt-4.1,fft_spectrum_011,fft_spectrum,secondary_frequency_hz,600.0,658.6917194457441,58.69171944574407,0.08910347240303886,3.0,0.04,False,1.3146061897277832,,,,,,False,
openai,gpt-4.1,fft_spectrum_011,fft_spectrum,cp_peak_ratio,1.5,1.6199369394661034,0.1199369394661034,0.07403802984184807,0.8,0.25,True,1.3146061897277832,,,,,,True,
openai,gpt-4.1,fft_spectrum_012,fft_spectrum,dominant_frequency_hz,550.0,563.4239813195776,13.423981319577592,0.023825718756481946,2.0,0.03,True,1.3720009326934814,,,,,,False,
openai,gpt-4.1,fft_spectrum_012,fft_spectrum,secondary_frequency_hz,1020.0,1010.6099638164895,9.39003618351046,0.009291454190744095,3.0,0.04,True,1.3720009326934814,,,,,,False,
openai,gpt-4.1,fft_spectrum_012,fft_spectrum,cp_peak_ratio,1.65,1.6612813646170477,0.011281364617047762,0.006790760949544691,0.8,0.25,True,1.3720009326934814,,,,,,True,
openai,gpt-4.1,fft_spectrum_013,fft_spectrum,dominant_frequency_hz,550.0,568.27796212558,18.27796212557996,0.03216377080190352,2.0,0.03,False,1.3406908512115479,,,,close_peaks,,False,
openai,gpt-4.1,fft_spectrum_013,fft_spectrum,secondary_frequency_hz,,544.8797537374102,,,3.0,0.04,False,1.3406908512115479,,missing_value,,close_peaks,,False,
openai,gpt-4.1,fft_spectrum_013,fft_spectrum,cp_peak_ratio,,1.9328821534167921,,,0.8,0.25,False,1.3406908512115479,,missing_value,,close_peaks,,True,
openai,gpt-4.1,fft_spectrum_014,fft_spectrum,dominant_frequency_hz,150.0,153.017715972192,3.0177159721920077,0.019721350256857964,2.0,0.03,True,1.2199609279632568,,,,close_peaks,,False,
openai,gpt-4.1,fft_spectrum_014,fft_spectrum,secondary_frequency_hz,,133.46484529685216,,,3.0,0.04,False,1.2199609279632568,,missing_value,,close_peaks,,False,
openai,gpt-4.1,fft_spectrum_014,fft_spectrum,cp_peak_ratio,,1.7691736073577387,,,0.8,0.25,False,1.2199609279632568,,missing_value,,close_peaks,,True,
openai,gpt-4.1,spectrogram_000,spectrogram,f1_hz,200.0,191.3086682049266,8.69133179507341,0.04543093565297001,25.0,0.08,True,1.580197811126709,,,,,,False,
openai,gpt-4.1,spectrogram_000,spectrogram,f2_hz,700.0,716.5198310690844,16.519831069084375,0.023055650873522845,25.0,0.08,True,1.580197811126709,,,,,,False,
openai,gpt-4.1,spectrogram_000,spectrogram,switch_time_s,1.0,0.8847182927536507,0.11528170724634934,0.13030329336532603,0.25,0.15,True,1.580197811126709,,,,,,False,
openai,gpt-4.1,spectrogram_000,spectrogram,cp_duration_s,2.0,2.1003374944836284,0.10033749448362839,0.047772081747412945,0.1,0.05,True,1.580197811126709,,,,,,True,
openai,gpt-4.1,spectrogram_001,spectrogram,f1_hz,300.0,286.1382368431868,13.861763156813197,0.04844428801177628,25.0,0.08,True,1.6530580520629883,,,,,,False,
openai,gpt-4.1,spectrogram_001,spectrogram,f2_hz,850.0,860.3722417347109,10.372241734710883,0.012055528097696442,25.0,0.08,True,1.6530580520629883,,,,,,False,
openai,gpt-4.1,spectrogram_001,spectrogram,switch_time_s,1.9,1.861707539638229,0.03829246036177092,0.020568461773116088,0.25,0.15,True,1.6530580520629883,,,,,,False,
openai,gpt-4.1,spectrogram_001,spectrogram,cp_duration_s,2.5,2.652405016753409,0.15240501675340878,0.05745917979749384,0.1,0.05,False,1.6530580520629883,,,,,,True,
openai,gpt-4.1,spectrogram_002,spectrogram,f1_hz,300.0,300.07336092791695,0.07336092791695137,0.00024447664294523626,25.0,0.08,True,1.579618215560913,,,,,,False,
openai,gpt-4.1,spectrogram_002,spectrogram,f2_hz,900.0,910.8851366594532,10.885136659453224,0.011950065075573606,25.0,0.08,True,1.579618215560913,,,,,,False,
openai,gpt-4.1,spectrogram_002,spectrogram,switch_time_s,1.2,1.1324787085976893,0.06752129140231067,0.05962257028736552,0.25,0.15,True,1.579618215560913,,,,,,False,
openai,gpt-4.1,spectrogram_002,spectrogram,cp_duration_s,3.0,2.9143577381983867,0.08564226180161327,0.029386324362003707,0.1,0.05,True,1.579618215560913,,,,,,True,
openai,gpt-4.1,spectrogram_003,spectrogram,f1_hz,400.0,382.70874425638567,17.29125574361433,0.04518124031164155,25.0,0.08,True,2.8567659854888916,,,,,,False,
openai,gpt-4.1,spectrogram_003,spectrogram,f2_hz,750.0,764.1056892253039,14.105689225303877,0.018460390263034254,25.0,0.08,True,2.8567659854888916,,,,,,False,
openai,gpt-4.1,spectrogram_003,spectrogram,switch_time_s,2.2,2.211074823508856,0.011074823508856024,0.005008796351487046,0.25,0.15,True,2.8567659854888916,,,,,,False,
openai,gpt-4.1,spectrogram_003,spectrogram,cp_duration_s,3.0,2.912941007404352,0.0870589925956482,0.02988697415236166,0.1,0.05,True,2.8567659854888916,,,,,,True,
openai,gpt-4.1,spectrogram_004,spectrogram,f1_hz,400.0,392.3276305313306,7.6723694686693875,0.01955602631983547,25.0,0.08,True,1.7192020416259766,,,,,,False,
openai,gpt-4.1,spectrogram_004,spectrogram,f2_hz,800.0,815.8899667556911,15.889966755691148,0.01947562465913889,25.0,0.08,True,1.7192020416259766,,,,,,False,
openai,gpt-4.1,spectrogram_004,spectrogram,switch_time_s,1.1,1.1313486950433163,0.031348695043316166,0.027709136167002792,0.25,0.15,True,1.7192020416259766,,,,,,False,
openai,gpt-4.1,spectrogram_004,spectrogram,cp_duration_s,2.0,1.9948494917644535,0.005150508235546525,0.0025819031745552275,0.1,0.05,True,1.7192020416259766,,,,,,True,
openai,gpt-4.1,spectrogram_005,spectrogram,f1_hz,130.0,106.55016638683051,23.44983361316949,0.2200825621241626,25.0,0.08,True,1.6978850364685059,,,,,,False,
openai,gpt-4.1,spectrogram_005,spectrogram,f2_hz,700.0,676.9916578431364,23.00834215686359,0.03398615313838148,25.0,0.08,True,1.6978850364685059,,,,,,False,
openai,gpt-4.1,spectrogram_005,spectrogram,switch_time_s,0.9,0.7943057942544447,0.10569420574555533,0.13306488069215527,0.25,0.15,True,1.6978850364685059,,,,,,False,
openai,gpt-4.1,spectrogram_005,spectrogram,cp_duration_s,2.7,2.7108007299768837,0.010800729976883527,0.003984331956770438,0.1,0.05,True,1.6978850364685059,,,,,,True,
openai,gpt-4.1,spectrogram_006,spectrogram,f1_hz,250.0,268.11233749859093,18.112337498590932,0.06755503184811897,25.0,0.08,True,1.606199026107788,,,,,,False,
openai,gpt-4.1,spectrogram_006,spectrogram,f2_hz,900.0,940.0225898451237,40.02258984512366,0.04257620005889189,25.0,0.08,True,1.606199026107788,,,,,,False,
openai,gpt-4.1,spectrogram_006,spectrogram,switch_time_s,2.0,2.0592657094146904,0.05926570941469045,0.02878002054020298,0.25,0.15,True,1.606199026107788,,,,,,False,
openai,gpt-4.1,spectrogram_006,spectrogram,cp_duration_s,3.2,3.2855624195751756,0.08556241957517541,0.026041940054281076,0.1,0.05,True,1.606199026107788,,,,,,True,
openai,gpt-4.1,spectrogram_007,spectrogram,f1_hz,250.0,246.14335848586282,3.8566415141371806,0.015668273716021006,25.0,0.08,True,1.4608831405639648,,,,,,False,
openai,gpt-4.1,spectrogram_007,spectrogram,f2_hz,900.0,1076.3411631099682,176.3411631099682,0.16383389315005847,25.0,0.08,False,1.4608831405639648,,,,,,False,
openai,gpt-4.1,spectrogram_007,spectrogram,switch_time_s,0.85,0.8219143153003874,0.02808568469961259,0.034171061601899505,0.25,0.15,True,1.4608831405639648,,,,,,False,
openai,gpt-4.1,spectrogram_007,spectrogram,cp_duration_s,1.75,1.8540647185886803,0.10406471858868027,0.05612787814003314,0.1,0.05,False,1.4608831405639648,,,,,,True,
openai,gpt-4.1,spectrogram_008,spectrogram,f1_hz,250.0,239.03833936938497,10.961660630615029,0.04585733259163928,25.0,0.08,True,1.7700510025024414,,,,,,False,
openai,gpt-4.1,spectrogram_008,spectrogram,f2_hz,900.0,909.4088427708508,9.40884277085081,0.010346108733870771,25.0,0.08,True,1.7700510025024414,,,,,,False,
openai,gpt-4.1,spectrogram_008,spectrogram,switch_time_s,1.0,0.8795667007266857,0.12043329927331425,0.13692344102364715,0.25,0.15,True,1.7700510025024414,,,,,,False,
openai,gpt-4.1,spectrogram_008,spectrogram,cp_duration_s,3.0,2.982686268156971,0.01731373184302898,0.0058047445444965595,0.1,0.05,True,1.7700510025024414,,,,,,True,
openai,gpt-4.1,spectrogram_009,spectrogram,f1_hz,200.0,195.18364894983387,4.8163510501661335,0.02467599656057272,25.0,0.08,True,1.448153018951416,,,,,,False,
openai,gpt-4.1,spectrogram_009,spectrogram,f2_hz,800.0,809.8068169842189,9.806816984218926,0.01211006968395283,25.0,0.08,True,1.448153018951416,,,,,,False,
openai,gpt-4.1,spectrogram_009,spectrogram,switch_time_s,1.5,1.5168295979961441,0.01682959799614414,0.011095246307414765,0.25,0.15,True,1.448153018951416,,,,,,False,
openai,gpt-4.1,spectrogram_009,spectrogram,cp_duration_s,2.25,2.3499832968460175,0.09998329684601748,0.04254638617227962,0.1,0.05,True,1.448153018951416,,,,,,True,
openai,gpt-4.1,spectrogram_010,spectrogram,f1_hz,350.0,340.0006643666616,9.999335633338376,0.029409753219055326,25.0,0.08,True,1.575840950012207,,,,,,False,
openai,gpt-4.1,spectrogram_010,spectrogram,f2_hz,900.0,1092.8291979078292,192.8291979078292,0.17644952960352062,25.0,0.08,False,1.575840950012207,,,,,,False,
openai,gpt-4.1,spectrogram_010,spectrogram,switch_time_s,2.0,2.011412602779837,0.011412602779837133,0.005673924267981889,0.25,0.15,True,1.575840950012207,,,,,,False,
openai,gpt-4.1,spectrogram_010,spectrogram,cp_duration_s,2.5,2.6616133320855457,0.16161333208554574,0.06072006408192706,0.1,0.05,False,1.575840950012207,,,,,,True,
openai,gpt-4.1,spectrogram_011,spectrogram,f1_hz,220.0,222.08063166536675,2.0806316653667523,0.009368811902975258,25.0,0.08,True,1.4726569652557373,,,,,,False,
openai,gpt-4.1,spectrogram_011,spectrogram,f2_hz,550.0,550.9817428868096,0.9817428868095703,0.0017818065652517525,25.0,0.08,True,1.4726569652557373,,,,,,False,
openai,gpt-4.1,spectrogram_011,spectrogram,switch_time_s,1.2,1.1451898866323615,0.05481011336763841,0.04786115735689693,0.25,0.15,True,1.4726569652557373,,,,,,False,
openai,gpt-4.1,spectrogram_011,spectrogram,cp_duration_s,2.5,2.58395181954857,0.08395181954856978,0.032489700045272754,0.1,0.05,True,1.4726569652557373,,,,,,True,
openai,gpt-4.1,spectrogram_012,spectrogram,f1_hz,200.0,182.01436394403962,17.985636055960384,0.09881437742732258,25.0,0.08,True,1.4200689792633057,,,,,,False,
openai,gpt-4.1,spectrogram_012,spectrogram,f2_hz,900.0,909.3970694371444,9.39706943714441,0.010333296370704783,25.0,0.08,True,1.4200689792633057,,,,,,False,
openai,gpt-4.1,spectrogram_012,spectrogram,switch_time_s,1.7,1.6659930943048946,0.03400690569510534,0.02041239295130098,0.25,0.15,True,1.4200689792633057,,,,,,False,
openai,gpt-4.1,spectrogram_012,spectrogram,cp_duration_s,2.3,2.2902102161217632,0.009789783878236591,0.004274622394626546,0.1,0.05,True,1.4200689792633057,,,,,,True,
openai,gpt-4.1,spectrogram_013,spectrogram,f1_hz,260.0,271.997772873816,11.997772873816018,0.04410982026452831,25.0,0.08,True,2.951112985610962,,,,close_freq_switch,,False,
openai,gpt-4.1,spectrogram_013,spectrogram,f2_hz,390.0,393.82222763936824,3.8222276393682364,0.009705464473854775,25.0,0.08,True,2.951112985610962,,,,close_freq_switch,,False,
openai,gpt-4.1,spectrogram_013,spectrogram,switch_time_s,1.3,1.3554976153241272,0.055497615324127114,0.04094261376539309,0.25,0.15,True,2.951112985610962,,,,close_freq_switch,,False,
openai,gpt-4.1,spectrogram_013,spectrogram,cp_duration_s,2.3,2.3449212785093794,0.04492127850937955,0.01915683862015834,0.1,0.05,True,2.951112985610962,,,,close_freq_switch,,True,
openai,gpt-4.1,spectrogram_014,spectrogram,f1_hz,520.0,522.4505473076131,2.4505473076130784,0.004690486631206883,25.0,0.08,True,1.3222661018371582,,,,close_freq_switch,,False,
openai,gpt-4.1,spectrogram_014,spectrogram,f2_hz,660.0,638.0644477174019,21.93555228259811,0.03437827066069875,25.0,0.08,True,1.3222661018371582,,,,close_freq_switch,,False,
openai,gpt-4.1,spectrogram_014,spectrogram,switch_time_s,1.5,1.525810449230286,0.02581044923028597,0.016915894922142113,0.25,0.15,True,1.3222661018371582,,,,close_freq_switch,,False,
openai,gpt-4.1,spectrogram_014,spectrogram,cp_duration_s,2.0,2.1099325295780735,0.10993252957807353,0.05210239097079418,0.1,0.05,False,1.3222661018371582,,,,close_freq_switch,,True,
openai,gpt-4.1,iv_curve_000,iv_curve,turn_on_voltage_v_at_target_i,0.5,0.4903923625246377,0.009607637475362307,0.01959173553580703,0.06,0.12,True,1.1468558311462402,,,,,,False,
openai,gpt-4.1,iv_curve_001,iv_curve,resistance_ohm,340.0,338.0044547592717,1.9955452407282905,0.005903902190133935,12.0,0.06,True,1.3250510692596436,,,,,,False,
openai,gpt-4.1,iv_curve_001,iv_curve,cp_slope_ohm,340.0,338.0044547592717,1.9955452407282905,0.005903902190133935,12.0,0.06,True,1.3250510692596436,,,,,,True,
openai,gpt-4.1,iv_curve_002,iv_curve,resistance_ohm,400.0,384.26380981896386,15.736190181036136,0.040951528036038166,12.0,0.06,True,1.090273141860962,,,,,,False,
openai,gpt-4.1,iv_curve_002,iv_curve,cp_slope_ohm,400.0,384.26380981896386,15.736190181036136,0.040951528036038166,12.0,0.06,True,1.090273141860962,,,,,,True,
openai,gpt-4.1,iv_curve_003,iv_curve,turn_on_voltage_v_at_target_i,0.5,0.5110786363647449,0.011078636364744932,0.021676970189061798,0.06,0.12,True,1.4267640113830566,,,,,,False,
openai,gpt-4.1,iv_curve_004,iv_curve,resistance_ohm,1000.0,942.2424308809836,57.75756911901635,0.06129799213670926,12.0,0.06,False,1.5001320838928223,,,,,,False,
openai,gpt-4.1,iv_curve_004,iv_curve,cp_slope_ohm,1000.0,942.2424308809836,57.75756911901635,0.06129799213670926,12.0,0.06,False,1.5001320838928223,,,,,,True,
openai,gpt-4.1,iv_curve_005,iv_curve,resistance_ohm,800.0,797.3874052735143,2.6125947264856677,0.0032764434316460184,12.0,0.06,True,1.2999441623687744,,,,,,False,
openai,gpt-4.1,iv_curve_005,iv_curve,cp_slope_ohm,800.0,797.3874052735143,2.6125947264856677,0.0032764434316460184,12.0,0.06,True,1.2999441623687744,,,,,,True,
openai,gpt-4.1,iv_curve_006,iv_curve,turn_on_voltage_v_at_target_i,0.6,0.5989387715835964,0.001061228416403548,0.0017718479196089708,0.06,0.12,True,1.433243989944458,,,,,,False,
openai,gpt-4.1,iv_curve_007,iv_curve,resistance_ohm,400.0,395.47177052890004,4.528229471099962,0.01145019647051913,12.0,0.06,True,1.1861648559570312,,,,,,False,
openai,gpt-4.1,iv_curve_007,iv_curve,cp_slope_ohm,400.0,395.47177052890004,4.528229471099962,0.01145019647051913,12.0,0.06,True,1.1861648559570312,,,,,,True,
openai,gpt-4.1,iv_curve_008,iv_curve,resistance_ohm,500.0,446.17741037358803,53.82258962641197,0.12063046755627066,12.0,0.06,False,1.3514618873596191,,,,,,False,
openai,gpt-4.1,iv_curve_008,iv_curve,cp_slope_ohm,500.0,446.17741037358803,53.82258962641197,0.12063046755627066,12.0,0.06,False,1.3514618873596191,,,,,,True,
openai,gpt-4.1,iv_curve_009,iv_curve,turn_on_voltage_v_at_target_i,0.63,0.6227760536989637,0.007223946301036288,0.011599589062761533,0.06,0.12,True,1.0817079544067383,,,,,,False,
openai,gpt-4.1,iv_curve_010,iv_curve,resistance_ohm,1666.0,1529.6804661154463,136.31953388455372,0.08911634612863362,12.0,0.06,False,1.3407270908355713,,,,,,False,
openai,gpt-4.1,iv_curve_010,iv_curve,cp_slope_ohm,1666.0,1529.6804661154463,136.31953388455372,0.08911634612863362,12.0,0.06,False,1.3407270908355713,,,,,,True,
openai,gpt-4.1,iv_curve_011,iv_curve,resistance_ohm,127.0,131.90758888240646,4.907588882406458,0.0372047501132137,12.0,0.06,True,1.1964731216430664,,,,,,False,
openai,gpt-4.1,iv_curve_011,iv_curve,cp_slope_ohm,127.0,131.90758888240646,4.907588882406458,0.0372047501132137,12.0,0.06,True,1.1964731216430664,,,,,,True,
openai,gpt-4.1,iv_curve_012,iv_curve,turn_on_voltage_v_at_target_i,0.75,0.7307004971546648,0.019299502845335215,0.026412330250885484,0.06,0.12,True,1.1089611053466797,,,,,,False,
openai,gpt-4.1,iv_curve_013,iv_curve,resistance_ohm,3200.0,3193.266020774136,6.7339792258640045,0.0021088062134677716,12.0,0.06,True,1.1527090072631836,,,,shallow_slope_high_R,,False,
openai,gpt-4.1,iv_curve_013,iv_curve,cp_slope_ohm,3200.0,3193.266020774136,6.7339792258640045,0.0021088062134677716,12.0,0.06,True,1.1527090072631836,,,,shallow_slope_high_R,,True,
openai,gpt-4.1,iv_curve_014,iv_curve,resistance_ohm,2000.0,1906.6638184409019,93.33618155909812,0.048952615902377615,12.0,0.06,True,1.2603480815887451,,,,shallow_slope_high_R,,False,
openai,gpt-4.1,iv_curve_014,iv_curve,cp_slope_ohm,2000.0,1906.6638184409019,93.33618155909812,0.048952615902377615,12.0,0.06,True,1.2603480815887451,,,,shallow_slope_high_R,,True,
openai,gpt-4.1,transfer_characteristic_000,transfer_characteristic,small_signal_gain,2.0,2.5063642158406245,0.5063642158406245,0.20203137781824418,0.2,0.1,False,1.2381038665771484,,,,,,False,
openai,gpt-4.1,transfer_characteristic_000,transfer_characteristic,saturation_v,3.2,3.24319803912027,0.04319803912026998,0.01331958104291023,0.1,0.1,True,1.2381038665771484,,,,,,False,
openai,gpt-4.1,transfer_characteristic_000,transfer_characteristic,cp_vin_at_saturation,1.6,1.2939851353696872,0.3060148646303129,0.2364902472723425,0.12,0.15,False,1.2381038665771484,,,,,,True,
openai,gpt-4.1,transfer_characteristic_001,transfer_characteristic,small_signal_gain,1.0,0.9091087961052584,0.09089120389474159,0.09997835713847611,0.2,0.1,True,1.2087202072143555,,,,,,False,
openai,gpt-4.1,transfer_characteristic_001,transfer_characteristic,saturation_v,3.0,3.094079137729029,0.09407913772902887,0.030406183404242348,0.1,0.1,True,1.2087202072143555,,,,,,False,
openai,gpt-4.1,transfer_characteristic_001,transfer_characteristic,cp_vin_at_saturation,3.0,3.40342008677561,0.4034200867756099,0.11853373268352803,0.12,0.15,True,1.2087202072143555,,,,,,True,
openai,gpt-4.1,transfer_characteristic_002,transfer_characteristic,small_signal_gain,2.0,2.4473838361776448,0.44738383617764477,0.18280084617882192,0.2,0.1,False,1.3966021537780762,,,,,,False,
openai,gpt-4.1,transfer_characteristic_002,transfer_characteristic,saturation_v,1.9,1.8625220526102466,0.0374779473897533,0.02012214960742587,0.1,0.1,True,1.3966021537780762,,,,,,False,
openai,gpt-4.1,transfer_characteristic_002,transfer_characteristic,cp_vin_at_saturation,0.95,0.7610257226831886,0.18897427731681138,0.24831522993800367,0.12,0.15,False,1.3966021537780762,,,,,,True,
openai,gpt-4.1,transfer_characteristic_003,transfer_characteristic,small_signal_gain,2.0,4.08722535288436,2.08722535288436,0.5106704849076654,0.2,0.1,False,1.4414629936218262,,,,,,False,
openai,gpt-4.1,transfer_characteristic_003,transfer_characteristic,saturation_v,2.5,2.643733853642498,0.14373385364249813,0.054367747133269,0.1,0.1,True,1.4414629936218262,,,,,,False,
openai,gpt-4.1,transfer_characteristic_003,transfer_characteristic,cp_vin_at_saturation,0.75,0.6468285023180363,0.10317149768196365,0.15950363552661706,0.12,0.15,True,1.4414629936218262,,,,,,True,
openai,gpt-4.1,transfer_characteristic_004,transfer_characteristic,small_signal_gain,2.0,3.5377349624049375,1.5377349624049375,0.43466652497890673,0.2,0.1,False,1.6641488075256348,,,,,,False,
openai,gpt-4.1,transfer_characteristic_004,transfer_characteristic,saturation_v,3.8,3.8001589252689123,0.00015892526891247982,4.182069014422436e-05,0.1,0.1,True,1.6641488075256348,,,,,,False,
openai,gpt-4.1,transfer_characteristic_004,transfer_characteristic,cp_vin_at_saturation,1.0,1.0741785254273486,0.0741785254273486,0.06905604950335197,0.12,0.15,True,1.6641488075256348,,,,,,True,
openai,gpt-4.1,transfer_characteristic_005,transfer_characteristic,small_signal_gain,1.5,2.071929112950168,0.5719291129501678,0.2760370079147217,0.2,0.1,False,1.416799783706665,,,,,,False,
openai,gpt-4.1,transfer_characteristic_005,transfer_characteristic,saturation_v,3.5,3.4390904200721177,0.06090957992788226,0.017710956237842967,0.1,0.1,True,1.416799783706665,,,,,,False,
openai,gpt-4.1,transfer_characteristic_005,transfer_characteristic,cp_vin_at_saturation,2.0,1.6598494603781513,0.3401505396218487,0.20492854788430917,0.12,0.15,False,1.416799783706665,,,,,,True,
openai,gpt-4.1,transfer_characteristic_006,transfer_characteristic,small_signal_gain,3.0,3.478197235613139,0.478197235613139,0.137484220479763,0.2,0.1,False,1.4003188610076904,,,,,,False,
openai,gpt-4.1,transfer_characteristic_006,transfer_characteristic,saturation_v,3.0,3.0319920605541486,0.031992060554148605,0.010551498788654976,0.1,0.1,True,1.4003188610076904,,,,,,False,
openai,gpt-4.1,transfer_characteristic_006,transfer_characteristic,cp_vin_at_saturation,1.0,0.871713665202677,0.128286334797323,0.14716568056495466,0.12,0.15,True,1.4003188610076904,,,,,,True,
openai,gpt-4.1,transfer_characteristic_007,transfer_characteristic,small_signal_gain,4.0,3.227843574661078,0.7721564253389221,0.23921742410333444,0.2,0.1,False,1.4749350547790527,,,,,,False,
openai,gpt-4.1,transfer_characteristic_007,transfer_characteristic,saturation_v,3.8,3.7770622489708225,0.022937751029177278,0.006072907862566305,0.1,0.1,True,1.4749350547790527,,,,,,False,
openai,gpt-4.1,transfer_characteristic_007,transfer_characteristic,cp_vin_at_saturation,1.0,1.1701503377118925,0.17015033771189247,0.14540895492506015,0.12,0.15,True,1.4749350547790527,,,,,,True,
openai,gpt-4.1,transfer_characteristic_008,transfer_characteristic,small_signal_gain,2.0,2.31256055534402,0.31256055534402005,0.13515778197536674,0.2,0.1,False,1.1671350002288818,,,,,,False,
openai,gpt-4.1,transfer_characteristic_008,transfer_characteristic,saturation_v,5.0,4.921211209904356,0.07878879009564432,0.016010040361014215,0.1,0.1,True,1.1671350002288818,,,,,,False,
openai,gpt-4.1,transfer_characteristic_008,transfer_characteristic,cp_vin_at_saturation,2.5,2.128035609070686,0.371964390929314,0.17479237158618366,0.12,0.15,False,1.1671350002288818,,,,,,True,
openai,gpt-4.1,transfer_characteristic_009,transfer_characteristic,small_signal_gain,2.5,4.019437854616186,1.5194378546161857,0.3780224771658464,0.2,0.1,False,1.1925239562988281,,,,,,False,
openai,gpt-4.1,transfer_characteristic_009,transfer_characteristic,saturation_v,4.5,4.472802860147784,0.027197139852216168,0.006080558589903414,0.1,0.1,True,1.1925239562988281,,,,,,False,
openai,gpt-4.1,transfer_characteristic_009,transfer_characteristic,cp_vin_at_saturation,1.5,1.1127931372320943,0.3872068627679057,0.34795942732988505,0.12,0.15,False,1.1925239562988281,,,,,,True,
openai,gpt-4.1,transfer_characteristic_010,transfer_characteristic,small_signal_gain,5.0,6.401767853537083,1.4017678535370832,0.21896574283970374,0.2,0.1,False,1.5701630115509033,,,,,,False,
openai,gpt-4.1,transfer_characteristic_010,transfer_characteristic,saturation_v,5.0,4.768749856041293,0.23125014395870735,0.04849282326388918,0.1,0.1,True,1.5701630115509033,,,,,,False,
openai,gpt-4.1,transfer_characteristic_010,transfer_characteristic,cp_vin_at_saturation,1.0,0.7449114002792961,0.25508859972070386,0.34244153012702083,0.12,0.15,False,1.5701630115509033,,,,,,True,
openai,gpt-4.1,transfer_characteristic_011,transfer_characteristic,small_signal_gain,2.0,2.7848456228279597,0.7848456228279597,0.2818273359192397,0.2,0.1,False,1.344090223312378,,,,,,False,
openai,gpt-4.1,transfer_characteristic_011,transfer_characteristic,saturation_v,3.2,3.2289707540982038,0.0289707540982036,0.008972132702482353,0.1,0.1,True,1.344090223312378,,,,,,False,
openai,gpt-4.1,transfer_characteristic_011,transfer_characteristic,cp_vin_at_saturation,1.1,1.1594792643547842,0.05947926435478412,0.051298256194243,0.12,0.15,True,1.344090223312378,,,,,,True,
openai,gpt-4.1,transfer_characteristic_012,transfer_characteristic,small_signal_gain,6.0,5.032455777267958,0.9675442227320419,0.19226084948476319,0.2,0.1,False,1.2430338859558105,,,,,,False,
openai,gpt-4.1,transfer_characteristic_012,transfer_characteristic,saturation_v,6.0,5.784051851890119,0.21594814810988083,0.03733509893057287,0.1,0.1,True,1.2430338859558105,,,,,,False,
openai,gpt-4.1,transfer_characteristic_012,transfer_characteristic,cp_vin_at_saturation,1.0,1.1493497623997386,0.14934976239973863,0.12994283140400167,0.12,0.15,True,1.2430338859558105,,,,,,True,
openai,gpt-4.1,transfer_characteristic_013,transfer_characteristic,small_signal_gain,10.0,7.752281425425539,2.247718574574461,0.2899428505268794,0.2,0.1,False,1.5835189819335938,,,,high_gain_early_saturation,,False,
openai,gpt-4.1,transfer_characteristic_013,transfer_characteristic,saturation_v,1.3,1.2954201226350617,0.004579877364938367,0.003535437874488371,0.1,0.1,True,1.5835189819335938,,,,high_gain_early_saturation,,False,
openai,gpt-4.1,transfer_characteristic_013,transfer_characteristic,cp_vin_at_saturation,0.13,0.1671017925621751,0.03710179256217511,0.22203108652093184,0.12,0.15,True,1.5835189819335938,,,,high_gain_early_saturation,,True,
openai,gpt-4.1,transfer_characteristic_014,transfer_characteristic,small_signal_gain,10.0,8.415158597871589,1.5848414021284114,0.1883317329906603,0.2,0.1,False,1.419281005859375,,,,high_gain_early_saturation,,False,
openai,gpt-4.1,transfer_characteristic_014,transfer_characteristic,saturation_v,3.0,2.9183713591845253,0.08162864081547472,0.02797061469184787,0.1,0.1,True,1.419281005859375,,,,high_gain_early_saturation,,False,
openai,gpt-4.1,transfer_characteristic_014,transfer_characteristic,cp_vin_at_saturation,0.3,0.3467993294770056,0.0467993294770056,0.13494642434165552,0.12,0.15,True,1.419281005859375,,,,high_gain_early_saturation,,True,
