provider,model,id,type,field,pred,gold,abs_err,rel_err,abs_tol,rel_tol,pass,latency_s,error,tags
openai,gpt-4.1,step_response_000,step_response,percent_overshoot,3.0,3.4085500825128845,0.4085500825128845,0.11986037248180588,2.0,0.05,True,2.738424062728882,,
openai,gpt-4.1,step_response_000,step_response,settling_time_s,2.0,1.7824827081481993,0.2175172918518007,0.12203052004794868,0.2,0.1,False,2.738424062728882,,
openai,gpt-4.1,step_response_000,step_response,steady_state,1.0,1.0,0.0,0.0,0.03,0.02,True,2.738424062728882,,
openai,gpt-4.1,step_response_000,step_response,cp_peak_value,1.03,1.0340855008251288,0.004085500825128818,0.00395083464749179,0.05,0.03,True,2.738424062728882,,
openai,gpt-4.1,step_response_000,step_response,cp_peak_time_s,1.4,1.4017868979642296,0.0017868979642297056,0.0012747286815312374,0.12,0.15,True,2.738424062728882,,
openai,gpt-4.1,step_response_000,step_response,cp_band_upper,1.02,1.02,0.0,0.0,0.03,0.02,True,2.738424062728882,,
openai,gpt-4.1,step_response_000,step_response,cp_band_lower,0.98,0.98,0.0,0.0,0.03,0.02,True,2.738424062728882,,
openai,gpt-4.1,step_response_001,step_response,percent_overshoot,4.0,3.6018743803024833,0.3981256196975167,0.11053289972430475,2.0,0.05,True,2.2993080615997314,,
openai,gpt-4.1,step_response_001,step_response,settling_time_s,1.0,0.725250278086763,0.274749721913237,0.37883435582822095,0.2,0.1,False,2.2993080615997314,,
openai,gpt-4.1,step_response_001,step_response,steady_state,1.0,1.0,0.0,0.0,0.03,0.02,True,2.2993080615997314,,
openai,gpt-4.1,step_response_001,step_response,cp_peak_value,1.04,1.0360187438030248,0.0039812561969752025,0.003842841860525399,0.05,0.03,True,2.2993080615997314,,
openai,gpt-4.1,step_response_001,step_response,cp_peak_time_s,0.55,0.5628476084538376,0.012847608453837589,0.022826086956521722,0.12,0.15,True,2.2993080615997314,,
openai,gpt-4.1,step_response_001,step_response,cp_band_upper,1.02,1.02,0.0,0.0,0.03,0.02,True,2.2993080615997314,,
openai,gpt-4.1,step_response_001,step_response,cp_band_lower,0.98,0.98,0.0,0.0,0.03,0.02,True,2.2993080615997314,,
openai,gpt-4.1,step_response_002,step_response,percent_overshoot,20.0,21.62150755990474,1.6215075599047388,0.0749951202714323,2.0,0.05,True,1.8794119358062744,,
openai,gpt-4.1,step_response_002,step_response,settling_time_s,3.0,2.569156378462369,0.430843621537631,0.1676984807734784,0.2,0.1,False,1.8794119358062744,,
openai,gpt-4.1,step_response_002,step_response,steady_state,3.0,3.0,0.0,0.0,0.03,0.02,True,1.8794119358062744,,
openai,gpt-4.1,step_response_002,step_response,cp_peak_value,3.65,3.648645226797142,0.0013547732028578174,0.0003713085593819342,0.05,0.03,True,1.8794119358062744,,
openai,gpt-4.1,step_response_002,step_response,cp_peak_time_s,1.1,1.0704818243593206,0.02951817564067949,0.027574663080660904,0.12,0.15,True,1.8794119358062744,,
openai,gpt-4.1,step_response_002,step_response,cp_band_upper,3.06,3.06,0.0,0.0,0.03,0.02,True,1.8794119358062744,,
openai,gpt-4.1,step_response_002,step_response,cp_band_lower,2.94,2.94,0.0,0.0,0.03,0.02,True,1.8794119358062744,,
openai,gpt-4.1,step_response_003,step_response,percent_overshoot,5.0,3.4596014967418265,1.5403985032581735,0.4452531612987466,2.0,0.05,True,2.043833017349243,,
openai,gpt-4.1,step_response_003,step_response,settling_time_s,1.2,1.096774193548387,0.10322580645161294,0.09411764705882357,0.2,0.1,True,2.043833017349243,,
openai,gpt-4.1,step_response_003,step_response,steady_state,2.0,2.0,0.0,0.0,0.03,0.02,True,2.043833017349243,,
openai,gpt-4.1,step_response_003,step_response,cp_peak_value,2.05,2.0691920299348365,0.019192029934836707,0.009275132349819222,0.05,0.03,True,2.043833017349243,,
openai,gpt-4.1,step_response_003,step_response,cp_peak_time_s,0.9,0.8587319243604005,0.041268075639599555,0.048056994818652846,0.12,0.15,True,2.043833017349243,,
openai,gpt-4.1,step_response_003,step_response,cp_band_upper,2.04,2.04,0.0,0.0,0.03,0.02,True,2.043833017349243,,
openai,gpt-4.1,step_response_003,step_response,cp_band_lower,1.96,1.96,0.0,0.0,0.03,0.02,True,2.043833017349243,,
openai,gpt-4.1,step_response_004,step_response,percent_overshoot,25.0,23.885575487528122,1.114424512471878,0.04665679975153941,2.0,0.05,True,1.9831109046936035,,
openai,gpt-4.1,step_response_004,step_response,settling_time_s,1.8,1.454540848859029,0.34545915114097103,0.23750391844406166,0.2,0.1,False,1.9831109046936035,,
openai,gpt-4.1,step_response_004,step_response,steady_state,2.0,2.0,0.0,0.0,0.03,0.02,True,1.9831109046936035,,
openai,gpt-4.1,step_response_004,step_response,cp_peak_value,2.5,2.4777115097505624,0.022288490249437576,0.008995595395882636,0.05,0.03,True,1.9831109046936035,,
openai,gpt-4.1,step_response_004,step_response,cp_peak_time_s,0.6,0.5966585931033976,0.003341406896602339,0.005600199067313678,0.12,0.15,True,1.9831109046936035,,
openai,gpt-4.1,step_response_004,step_response,cp_band_upper,2.04,2.04,0.0,0.0,0.03,0.02,True,1.9831109046936035,,
openai,gpt-4.1,step_response_004,step_response,cp_band_lower,1.96,1.96,0.0,0.0,0.03,0.02,True,1.9831109046936035,,
openai,gpt-4.1,step_response_005,step_response,percent_overshoot,6.0,5.14205887272321,0.8579411272767903,0.1668477838376885,2.0,0.05,True,1.4811768531799316,,
openai,gpt-4.1,step_response_005,step_response,settling_time_s,1.0,0.9187986651835373,0.08120133481646274,0.08837772397094432,0.2,0.1,True,1.4811768531799316,,
openai,gpt-4.1,step_response_005,step_response,steady_state,1.0,1.0,0.0,0.0,0.03,0.02,True,1.4811768531799316,,
openai,gpt-4.1,step_response_005,step_response,cp_peak_value,1.06,1.051420588727232,0.008579411272767956,0.008159828107563999,0.05,0.03,True,1.4811768531799316,,
openai,gpt-4.1,step_response_005,step_response,cp_peak_time_s,0.65,0.660734149054505,0.010734149054504982,0.01624579124579121,0.12,0.15,True,1.4811768531799316,,
openai,gpt-4.1,step_response_005,step_response,cp_band_upper,1.02,1.02,0.0,0.0,0.03,0.02,True,1.4811768531799316,,
openai,gpt-4.1,step_response_005,step_response,cp_band_lower,0.98,0.98,0.0,0.0,0.03,0.02,True,1.4811768531799316,,
openai,gpt-4.1,step_response_006,step_response,percent_overshoot,35.0,34.99415221914557,0.0058477808544310506,0.00016710737319224682,2.0,0.05,True,1.70819091796875,,
openai,gpt-4.1,step_response_006,step_response,settling_time_s,1.5,1.1611081472210052,0.3388918527789948,0.29186932637592644,0.2,0.1,False,1.70819091796875,,
openai,gpt-4.1,step_response_006,step_response,steady_state,2.0,2.0,0.0,0.0,0.03,0.02,True,1.70819091796875,,
openai,gpt-4.1,step_response_006,step_response,cp_peak_value,2.7,2.6998830443829114,0.00011695561708879865,4.331877165276623e-05,0.05,0.03,True,1.70819091796875,,
openai,gpt-4.1,step_response_006,step_response,cp_peak_time_s,0.35,0.3427367422519835,0.007263257748016505,0.021191943706684604,0.12,0.15,True,1.70819091796875,,
openai,gpt-4.1,step_response_006,step_response,cp_band_upper,2.04,2.04,0.0,0.0,0.03,0.02,True,1.70819091796875,,
openai,gpt-4.1,step_response_006,step_response,cp_band_lower,1.96,1.96,0.0,0.0,0.03,0.02,True,1.70819091796875,,
openai,gpt-4.1,step_response_007,step_response,percent_overshoot,36.0,36.32787529704204,0.3278752970420413,0.009025446557529288,2.0,0.05,True,1.654407262802124,,
openai,gpt-4.1,step_response_007,step_response,settling_time_s,1.6,1.3617674583033321,0.23823254169666797,0.17494362950447442,0.2,0.1,False,1.654407262802124,,
openai,gpt-4.1,step_response_007,step_response,steady_state,1.0,1.0,0.0,0.0,0.03,0.02,True,1.654407262802124,,
openai,gpt-4.1,step_response_007,step_response,cp_peak_value,1.36,1.3632787529704204,0.003278752970420351,0.0024050495639841396,0.05,0.03,True,1.654407262802124,,
openai,gpt-4.1,step_response_007,step_response,cp_peak_time_s,0.4,0.3995268162790768,0.00047318372092319816,0.0011843603524041566,0.12,0.15,True,1.654407262802124,,
openai,gpt-4.1,step_response_007,step_response,cp_band_upper,1.02,1.02,0.0,0.0,0.03,0.02,True,1.654407262802124,,
openai,gpt-4.1,step_response_007,step_response,cp_band_lower,0.98,0.98,0.0,0.0,0.03,0.02,True,1.654407262802124,,
openai,gpt-4.1,step_response_008,step_response,percent_overshoot,20.0,20.28650117107422,0.2865011710742209,0.01412274934244119,2.0,0.05,True,1.9160728454589844,,
openai,gpt-4.1,step_response_008,step_response,settling_time_s,1.2,1.1568409343715238,0.043159065628476156,0.037307692307692375,0.2,0.1,True,1.9160728454589844,,
openai,gpt-4.1,step_response_008,step_response,steady_state,2.0,2.0,0.0,0.0,0.03,0.02,True,1.9160728454589844,,
openai,gpt-4.1,step_response_008,step_response,cp_peak_value,2.4,2.4057300234214845,0.0057300234214845425,0.002381823132977811,0.05,0.03,True,1.9160728454589844,,
openai,gpt-4.1,step_response_008,step_response,cp_peak_time_s,0.5,0.489432703003337,0.010567296996662978,0.021590909090909133,0.12,0.15,True,1.9160728454589844,,
openai,gpt-4.1,step_response_008,step_response,cp_band_upper,2.04,2.04,0.0,0.0,0.03,0.02,True,1.9160728454589844,,
openai,gpt-4.1,step_response_008,step_response,cp_band_lower,1.96,1.96,0.0,0.0,0.03,0.02,True,1.9160728454589844,,
openai,gpt-4.1,step_response_009,step_response,percent_overshoot,6.0,5.422142447364742,0.5778575526352583,0.10657365759841064,2.0,0.05,True,1.6073269844055176,,
openai,gpt-4.1,step_response_009,step_response,settling_time_s,1.2,1.0411568409343714,0.15884315906562851,0.1525641025641026,0.2,0.1,True,1.6073269844055176,,
openai,gpt-4.1,step_response_009,step_response,steady_state,1.0,1.0,0.0,0.0,0.03,0.02,True,1.6073269844055176,,
openai,gpt-4.1,step_response_009,step_response,cp_peak_value,1.06,1.0542214244736474,0.005778575526352636,0.005481367948140276,0.05,0.03,True,1.6073269844055176,,
openai,gpt-4.1,step_response_009,step_response,cp_peak_time_s,0.7,0.743047830923248,0.04304783092324804,0.057934131736526936,0.12,0.15,True,1.6073269844055176,,
openai,gpt-4.1,step_response_009,step_response,cp_band_upper,1.02,1.02,0.0,0.0,0.03,0.02,True,1.6073269844055176,,
openai,gpt-4.1,step_response_009,step_response,cp_band_lower,0.98,0.98,0.0,0.0,0.03,0.02,True,1.6073269844055176,,
openai,gpt-4.1,step_response_010,step_response,percent_overshoot,2.5,1.784442194432767,0.7155578055672329,0.4009980305328367,2.0,0.05,True,1.9404699802398682,,
openai,gpt-4.1,step_response_010,step_response,settling_time_s,1.1,0.5494994438264739,0.5505005561735262,1.0018218623481783,0.2,0.1,False,1.9404699802398682,,
openai,gpt-4.1,step_response_010,step_response,steady_state,3.95,4.0,0.04999999999999982,0.012499999999999956,0.03,0.02,True,1.9404699802398682,,
openai,gpt-4.1,step_response_010,step_response,cp_peak_value,4.05,4.071377687777311,0.02137768777731086,0.0052507257780305796,0.05,0.03,True,1.9404699802398682,,
openai,gpt-4.1,step_response_010,step_response,cp_peak_time_s,0.75,0.7630700778642937,0.013070077864293705,0.017128279883381982,0.12,0.15,True,1.9404699802398682,,
openai,gpt-4.1,step_response_010,step_response,cp_band_upper,4.03,4.08,0.04999999999999982,0.01225490196078427,0.03,0.02,True,1.9404699802398682,,
openai,gpt-4.1,step_response_010,step_response,cp_band_lower,3.87,3.92,0.04999999999999982,0.012755102040816282,0.03,0.02,True,1.9404699802398682,,
openai,gpt-4.1,step_response_011,step_response,percent_overshoot,33.0,33.949731850037665,0.949731850037665,0.027974649526918468,2.0,0.05,True,1.6266930103302002,,
openai,gpt-4.1,step_response_011,step_response,settling_time_s,1.2,1.0656284760845385,0.13437152391546148,0.1260960334029226,0.2,0.1,True,1.6266930103302002,,
openai,gpt-4.1,step_response_011,step_response,steady_state,1.0,1.0,0.0,0.0,0.03,0.02,True,1.6266930103302002,,
openai,gpt-4.1,step_response_011,step_response,cp_peak_value,1.33,1.3394973185003767,0.009497318500376606,0.007090210909126158,0.05,0.03,True,1.6266930103302002,,
openai,gpt-4.1,step_response_011,step_response,cp_peak_time_s,0.3,0.3181312569521691,0.018131256952169106,0.05699300699300708,0.12,0.15,True,1.6266930103302002,,
openai,gpt-4.1,step_response_011,step_response,cp_band_upper,1.02,1.02,0.0,0.0,0.03,0.02,True,1.6266930103302002,,
openai,gpt-4.1,step_response_011,step_response,cp_band_lower,0.98,0.98,0.0,0.0,0.03,0.02,True,1.6266930103302002,,
openai,gpt-4.1,step_response_012,step_response,percent_overshoot,2.5,1.977336493064663,0.5226635069353369,0.26432704234637555,2.0,0.05,True,1.921816110610962,,
openai,gpt-4.1,step_response_012,step_response,settling_time_s,1.7,1.1355533880639457,0.5644466119360543,0.49706743678375515,0.2,0.1,False,1.921816110610962,,
openai,gpt-4.1,step_response_012,step_response,steady_state,4.0,4.0,0.0,0.0,0.03,0.02,True,1.921816110610962,,
openai,gpt-4.1,step_response_012,step_response,cp_peak_value,4.1,4.0790934597225865,0.02090654027741312,0.005125290823524045,0.05,0.03,True,1.921816110610962,,
openai,gpt-4.1,step_response_012,step_response,cp_peak_time_s,1.6,1.5800250424829145,0.019974957517085556,0.012642177800989855,0.12,0.15,True,1.921816110610962,,
openai,gpt-4.1,step_response_012,step_response,cp_band_upper,4.08,4.08,0.0,0.0,0.03,0.02,True,1.921816110610962,,
openai,gpt-4.1,step_response_012,step_response,cp_band_lower,3.92,3.92,0.0,0.0,0.03,0.02,True,1.921816110610962,,
openai,gpt-4.1,step_response_013,step_response,percent_overshoot,58.0,57.942150586317375,0.057849413682625084,0.0009983994915143141,2.0,0.05,True,1.4993529319763184,,
openai,gpt-4.1,step_response_013,step_response,settling_time_s,3.7,3.6349946881179154,0.0650053118820848,0.017883193088169956,0.2,0.1,True,1.4993529319763184,,
openai,gpt-4.1,step_response_013,step_response,steady_state,1.0,1.0,0.0,0.0,0.03,0.02,True,1.4993529319763184,,
openai,gpt-4.1,step_response_013,step_response,cp_peak_value,1.58,1.5794215058631738,0.000578494136826313,0.00036626963396332803,0.05,0.03,True,1.4993529319763184,,
openai,gpt-4.1,step_response_013,step_response,cp_peak_time_s,0.6,0.5107466377923529,0.08925336220764712,0.17475075821044098,0.12,0.15,True,1.4993529319763184,,
openai,gpt-4.1,step_response_013,step_response,cp_band_upper,1.02,1.02,0.0,0.0,0.03,0.02,True,1.4993529319763184,,
openai,gpt-4.1,step_response_013,step_response,cp_band_lower,0.98,0.98,0.0,0.0,0.03,0.02,True,1.4993529319763184,,
openai,gpt-4.1,step_response_014,step_response,percent_overshoot,2.0,0.04749676490747312,1.9525032350925269,41.10813102526317,2.0,0.05,True,1.912381887435913,,
openai,gpt-4.1,step_response_014,step_response,settling_time_s,1.5,1.3739763421292084,0.12602365787079162,0.09172185430463575,0.2,0.1,True,1.912381887435913,,
openai,gpt-4.1,step_response_014,step_response,steady_state,1.0,1.0,0.0,0.0,0.03,0.02,True,1.912381887435913,,
openai,gpt-4.1,step_response_014,step_response,cp_peak_value,1.02,1.0004749676490747,0.019525032350925287,0.01951576299485572,0.05,0.03,True,1.912381887435913,,
openai,gpt-4.1,step_response_014,step_response,cp_peak_time_s,1.5,2.0,0.5,0.25,0.12,0.15,False,1.912381887435913,,
openai,gpt-4.1,step_response_014,step_response,cp_band_upper,1.02,1.02,0.0,0.0,0.03,0.02,True,1.912381887435913,,
openai,gpt-4.1,step_response_014,step_response,cp_band_lower,0.98,0.98,0.0,0.0,0.03,0.02,True,1.912381887435913,,
openai,gpt-4.1,bode_magnitude_000,bode_magnitude,dc_gain_db,9.0,8.599155575114834,0.40084442488516636,0.04661439386504104,0.25,0.02,False,1.1547472476959229,,
openai,gpt-4.1,bode_magnitude_000,bode_magnitude,cutoff_hz,1000.0,427.8116721878905,572.1883278121095,1.3374771307333808,2.0,0.03,False,1.1547472476959229,,
openai,gpt-4.1,bode_magnitude_000,bode_magnitude,cp_mag_at_fc_db,-3.0,5.588855618475021,8.588855618475021,1.5367825194987919,0.3,0.03,False,1.1547472476959229,,
openai,gpt-4.1,bode_magnitude_000,bode_magnitude,cp_slope_db_per_decade,-20.0,-20.0,0.0,0.0,1.5,0.1,True,1.1547472476959229,,
openai,gpt-4.1,bode_magnitude_001,bode_magnitude,dc_gain_db,6.0,7.203960432191127,1.2039604321911268,0.16712479802237548,0.25,0.02,False,1.2322120666503906,,
openai,gpt-4.1,bode_magnitude_001,bode_magnitude,cutoff_hz,200.0,111.75126567418388,88.24873432581612,0.7896889023441532,2.0,0.03,False,1.2322120666503906,,
openai,gpt-4.1,bode_magnitude_001,bode_magnitude,cp_mag_at_fc_db,3.0,4.193660475551314,1.1936604755513143,0.28463450546610863,0.3,0.03,False,1.2322120666503906,,
openai,gpt-4.1,bode_magnitude_001,bode_magnitude,cp_slope_db_per_decade,-20.0,-20.0,0.0,0.0,1.5,0.1,True,1.2322120666503906,,
openai,gpt-4.1,bode_magnitude_002,bode_magnitude,dc_gain_db,12.0,11.860415350743516,0.13958464925648428,0.011768951181607134,0.25,0.02,True,1.4065139293670654,,
openai,gpt-4.1,bode_magnitude_002,bode_magnitude,cutoff_hz,1000.0,323.91141527116804,676.088584728832,2.087263840833867,2.0,0.03,False,1.4065139293670654,,
openai,gpt-4.1,bode_magnitude_002,bode_magnitude,cp_mag_at_fc_db,9.0,8.850115394103703,0.14988460589629682,0.016935892835494085,0.3,0.03,True,1.4065139293670654,,
openai,gpt-4.1,bode_magnitude_002,bode_magnitude,cp_slope_db_per_decade,-20.0,-20.0,0.0,0.0,1.5,0.1,True,1.4065139293670654,,
openai,gpt-4.1,bode_magnitude_003,bode_magnitude,dc_gain_db,3.0,3.0602910004514907,0.06029100045149072,0.01970106778819265,0.25,0.02,True,1.4013900756835938,,
openai,gpt-4.1,bode_magnitude_003,bode_magnitude,cutoff_hz,1000.0,391.4097113840813,608.5902886159188,1.5548676257005878,2.0,0.03,False,1.4013900756835938,,
openai,gpt-4.1,bode_magnitude_003,bode_magnitude,cp_mag_at_fc_db,0.0,0.04999104381167818,0.04999104381167818,1.0,0.3,0.03,True,1.4013900756835938,,
openai,gpt-4.1,bode_magnitude_003,bode_magnitude,cp_slope_db_per_decade,-20.0,-20.0,0.0,0.0,1.5,0.1,True,1.4013900756835938,,
openai,gpt-4.1,bode_magnitude_004,bode_magnitude,dc_gain_db,0.0,-1.7601124288650503,1.7601124288650503,1.0,0.25,0.02,False,1.253115177154541,,
openai,gpt-4.1,bode_magnitude_004,bode_magnitude,cutoff_hz,300.0,244.3506519564019,55.64934804359811,0.22774380832643454,2.0,0.03,False,1.253115177154541,,
openai,gpt-4.1,bode_magnitude_004,bode_magnitude,cp_mag_at_fc_db,-3.0,-4.770412385504863,1.770412385504863,0.37112355126453,0.3,0.03,False,1.253115177154541,,
openai,gpt-4.1,bode_magnitude_004,bode_magnitude,cp_slope_db_per_decade,-20.0,-20.0,0.0,0.0,1.5,0.1,True,1.253115177154541,,
openai,gpt-4.1,bode_magnitude_005,bode_magnitude,dc_gain_db,13.0,13.257389195606116,0.25738919560611606,0.01941477253239441,0.25,0.02,True,1.5178301334381104,,
openai,gpt-4.1,bode_magnitude_005,bode_magnitude,cutoff_hz,2000.0,716.165420118732,1283.834579881268,1.7926508929576954,2.0,0.03,False,1.5178301334381104,,
openai,gpt-4.1,bode_magnitude_005,bode_magnitude,cp_mag_at_fc_db,10.0,10.247089238966304,0.24708923896630353,0.024113114778653882,0.3,0.03,True,1.5178301334381104,,
openai,gpt-4.1,bode_magnitude_005,bode_magnitude,cp_slope_db_per_decade,-20.0,-20.0,0.0,0.0,1.5,0.1,True,1.5178301334381104,,
openai,gpt-4.1,bode_magnitude_006,bode_magnitude,dc_gain_db,13.0,13.123245538473968,0.12324553847396835,0.009391391642611902,0.25,0.02,True,1.4804351329803467,,
openai,gpt-4.1,bode_magnitude_006,bode_magnitude,cutoff_hz,1000.0,666.5985663374798,333.40143366252016,0.5001532413943545,2.0,0.03,False,1.4804351329803467,,
openai,gpt-4.1,bode_magnitude_006,bode_magnitude,cp_mag_at_fc_db,10.0,10.112945581834156,0.11294558183415582,0.011168415860660768,0.3,0.03,True,1.4804351329803467,,
openai,gpt-4.1,bode_magnitude_006,bode_magnitude,cp_slope_db_per_decade,-20.0,-20.0,0.0,0.0,1.5,0.1,True,1.4804351329803467,,
openai,gpt-4.1,bode_magnitude_007,bode_magnitude,dc_gain_db,3.0,2.9972806716771387,0.0027193283228612586,0.00090726515823413,0.25,0.02,True,1.1444010734558105,,
openai,gpt-4.1,bode_magnitude_007,bode_magnitude,cutoff_hz,1000.0,689.8707605231259,310.1292394768741,0.4495468676505502,2.0,0.03,False,1.1444010734558105,,
openai,gpt-4.1,bode_magnitude_007,bode_magnitude,cp_mag_at_fc_db,0.0,-0.013019284962673794,0.013019284962673794,1.0,0.3,0.03,True,1.1444010734558105,,
openai,gpt-4.1,bode_magnitude_007,bode_magnitude,cp_slope_db_per_decade,-20.0,-20.0,0.0,0.0,1.5,0.1,True,1.1444010734558105,,
openai,gpt-4.1,bode_magnitude_008,bode_magnitude,dc_gain_db,10.0,10.4527929804069,0.4527929804068993,0.0433178941987688,0.25,0.02,False,1.1166400909423828,,
openai,gpt-4.1,bode_magnitude_008,bode_magnitude,cutoff_hz,1000.0,380.0344432287235,619.9655567712765,1.6313404424718172,2.0,0.03,False,1.1166400909423828,,
openai,gpt-4.1,bode_magnitude_008,bode_magnitude,cp_mag_at_fc_db,7.0,7.442493023767087,0.44249302376708677,0.05945494639417409,0.3,0.03,False,1.1166400909423828,,
openai,gpt-4.1,bode_magnitude_008,bode_magnitude,cp_slope_db_per_decade,-20.0,-20.0,0.0,0.0,1.5,0.1,True,1.1166400909423828,,
openai,gpt-4.1,bode_magnitude_009,bode_magnitude,dc_gain_db,0.0,-0.8361584485286967,0.8361584485286967,1.0,0.25,0.02,False,1.9072678089141846,,
openai,gpt-4.1,bode_magnitude_009,bode_magnitude,cutoff_hz,1000.0,659.4092508089691,340.5907491910309,0.5165089036485174,2.0,0.03,False,1.9072678089141846,,
openai,gpt-4.1,bode_magnitude_009,bode_magnitude,cp_mag_at_fc_db,-3.0,-3.846458405168509,0.8464584051685091,0.22006175967771233,0.3,0.03,False,1.9072678089141846,,
openai,gpt-4.1,bode_magnitude_009,bode_magnitude,cp_slope_db_per_decade,-20.0,-20.0,0.0,0.0,1.5,0.1,True,1.9072678089141846,,
openai,gpt-4.1,bode_magnitude_010,bode_magnitude,dc_gain_db,14.0,14.682423262891442,0.682423262891442,0.046478925901571565,0.25,0.02,False,1.0801668167114258,,
openai,gpt-4.1,bode_magnitude_010,bode_magnitude,cutoff_hz,2000.0,1280.9193590116167,719.0806409883833,0.5613785410685341,2.0,0.03,False,1.0801668167114258,,
openai,gpt-4.1,bode_magnitude_010,bode_magnitude,cp_mag_at_fc_db,11.0,11.67212330625163,0.6721233062516294,0.05758363655151225,0.3,0.03,False,1.0801668167114258,,
openai,gpt-4.1,bode_magnitude_010,bode_magnitude,cp_slope_db_per_decade,-20.0,-20.0,0.0,0.0,1.5,0.1,True,1.0801668167114258,,
openai,gpt-4.1,bode_magnitude_011,bode_magnitude,dc_gain_db,20.0,17.132951817445147,2.8670481825548535,0.16734116882506855,0.25,0.02,False,1.1841299533843994,,
openai,gpt-4.1,bode_magnitude_011,bode_magnitude,cutoff_hz,1000.0,960.2823909882662,39.71760901173377,0.041360342941266205,2.0,0.03,False,1.1841299533843994,,
openai,gpt-4.1,bode_magnitude_011,bode_magnitude,cp_mag_at_fc_db,-3.0,14.122651860805334,17.122651860805334,1.2124246939999928,0.3,0.03,False,1.1841299533843994,,
openai,gpt-4.1,bode_magnitude_011,bode_magnitude,cp_slope_db_per_decade,-20.0,-20.0,0.0,0.0,1.5,0.1,True,1.1841299533843994,,
openai,gpt-4.1,bode_magnitude_012,bode_magnitude,dc_gain_db,14.0,13.73961041369833,0.2603895863016703,0.018951744515409482,0.25,0.02,True,1.1471359729766846,,
openai,gpt-4.1,bode_magnitude_012,bode_magnitude,cutoff_hz,1000.0,905.0043271887852,94.99567281121483,0.10496709237435348,2.0,0.03,False,1.1471359729766846,,
openai,gpt-4.1,bode_magnitude_012,bode_magnitude,cp_mag_at_fc_db,11.0,10.729310457058517,0.27068954294148284,0.025228978509369508,0.3,0.03,True,1.1471359729766846,,
openai,gpt-4.1,bode_magnitude_012,bode_magnitude,cp_slope_db_per_decade,-20.0,-20.0,0.0,0.0,1.5,0.1,True,1.1471359729766846,,
openai,gpt-4.1,bode_magnitude_013,bode_magnitude,dc_gain_db,10.0,10.937210348842425,0.9372103488424255,0.08569007260079058,0.25,0.02,False,1.3000378608703613,,
openai,gpt-4.1,bode_magnitude_013,bode_magnitude,cutoff_hz,1000.0,1049.8672428451973,49.867242845197325,0.04749861773956713,2.0,0.03,False,1.3000378608703613,,
openai,gpt-4.1,bode_magnitude_013,bode_magnitude,cp_mag_at_fc_db,7.0,7.926910392202613,0.926910392202613,0.11693211432216742,0.3,0.03,False,1.3000378608703613,,
openai,gpt-4.1,bode_magnitude_013,bode_magnitude,cp_slope_db_per_decade,-20.0,-20.0,0.0,0.0,1.5,0.1,True,1.3000378608703613,,
openai,gpt-4.1,bode_magnitude_014,bode_magnitude,dc_gain_db,9.0,8.899754614439699,0.10024538556030116,0.011263837027332725,0.25,0.02,True,1.2029240131378174,,
openai,gpt-4.1,bode_magnitude_014,bode_magnitude,cutoff_hz,1000.0,460.7128420267252,539.2871579732748,1.170549437260947,2.0,0.03,False,1.2029240131378174,,
openai,gpt-4.1,bode_magnitude_014,bode_magnitude,cp_mag_at_fc_db,6.0,5.889454657799886,0.1105453422001137,0.018770047249401855,0.3,0.03,True,1.2029240131378174,,
openai,gpt-4.1,bode_magnitude_014,bode_magnitude,cp_slope_db_per_decade,-20.0,-20.0,0.0,0.0,1.5,0.1,True,1.2029240131378174,,
openai,gpt-4.1,bode_phase_000,bode_phase,cutoff_hz,1000.0,671.4201548452027,328.57984515479734,0.48938037201244294,2.0,0.03,False,1.212867021560669,,
openai,gpt-4.1,bode_phase_000,bode_phase,phase_deg_at_10fc,-84.0,-84.28940686250036,0.28940686250035697,0.0034334903195185683,6.0,0.05,True,1.212867021560669,,
openai,gpt-4.1,bode_phase_000,bode_phase,cp_phase_deg_at_fc,-45.0,-45.0,0.0,0.0,6.0,0.05,True,1.212867021560669,,
openai,gpt-4.1,bode_phase_001,bode_phase,cutoff_hz,31.6,43.07110550633728,11.471105506337281,0.26632948867888884,2.0,0.03,False,1.1266567707061768,,
openai,gpt-4.1,bode_phase_001,bode_phase,phase_deg_at_10fc,-84.0,-84.28940686250036,0.28940686250035697,0.0034334903195185683,6.0,0.05,True,1.1266567707061768,,
openai,gpt-4.1,bode_phase_001,bode_phase,cp_phase_deg_at_fc,-45.0,-45.0,0.0,0.0,6.0,0.05,True,1.1266567707061768,,
openai,gpt-4.1,bode_phase_002,bode_phase,cutoff_hz,300.0,260.325474353802,39.67452564619799,0.15240354692402217,2.0,0.03,False,1.333739995956421,,
openai,gpt-4.1,bode_phase_002,bode_phase,phase_deg_at_10fc,-84.0,-84.28940686250036,0.28940686250035697,0.0034334903195185683,6.0,0.05,True,1.333739995956421,,
openai,gpt-4.1,bode_phase_002,bode_phase,cp_phase_deg_at_fc,-45.0,-45.0,0.0,0.0,6.0,0.05,True,1.333739995956421,,
openai,gpt-4.1,bode_phase_003,bode_phase,cutoff_hz,1000.0,735.0530146976848,264.94698530231517,0.3604460902881726,2.0,0.03,False,1.062088966369629,,
openai,gpt-4.1,bode_phase_003,bode_phase,phase_deg_at_10fc,-84.0,-84.28940686250036,0.28940686250035697,0.0034334903195185683,6.0,0.05,True,1.062088966369629,,
openai,gpt-4.1,bode_phase_003,bode_phase,cp_phase_deg_at_fc,-45.0,-45.0,0.0,0.0,6.0,0.05,True,1.062088966369629,,
openai,gpt-4.1,bode_phase_004,bode_phase,cutoff_hz,1000.0,879.7405208219407,120.25947917805934,0.1366988064454517,2.0,0.03,False,1.1333370208740234,,
openai,gpt-4.1,bode_phase_004,bode_phase,phase_deg_at_10fc,-84.0,-84.28940686250036,0.28940686250035697,0.0034334903195185683,6.0,0.05,True,1.1333370208740234,,
openai,gpt-4.1,bode_phase_004,bode_phase,cp_phase_deg_at_fc,-45.0,-45.0,0.0,0.0,6.0,0.05,True,1.1333370208740234,,
openai,gpt-4.1,bode_phase_005,bode_phase,cutoff_hz,1000.0,632.8029117288718,367.1970882711282,0.5802708575848905,2.0,0.03,False,1.1351940631866455,,
openai,gpt-4.1,bode_phase_005,bode_phase,phase_deg_at_10fc,-84.0,-84.28940686250036,0.28940686250035697,0.0034334903195185683,6.0,0.05,True,1.1351940631866455,,
openai,gpt-4.1,bode_phase_005,bode_phase,cp_phase_deg_at_fc,-45.0,-45.0,0.0,0.0,6.0,0.05,True,1.1351940631866455,,
openai,gpt-4.1,bode_phase_006,bode_phase,cutoff_hz,1000.0,380.7890949307761,619.2109050692238,1.6261256252146363,2.0,0.03,False,2.6053519248962402,,
openai,gpt-4.1,bode_phase_006,bode_phase,phase_deg_at_10fc,-84.0,-84.28940686250036,0.28940686250035697,0.0034334903195185683,6.0,0.05,True,2.6053519248962402,,
openai,gpt-4.1,bode_phase_006,bode_phase,cp_phase_deg_at_fc,-45.0,-45.0,0.0,0.0,6.0,0.05,True,2.6053519248962402,,
openai,gpt-4.1,bode_phase_007,bode_phase,cutoff_hz,1000.0,399.10993581597154,600.8900641840285,1.5055753071030964,2.0,0.03,False,1.1291990280151367,,
openai,gpt-4.1,bode_phase_007,bode_phase,phase_deg_at_10fc,-84.0,-84.28940686250036,0.28940686250035697,0.0034334903195185683,6.0,0.05,True,1.1291990280151367,,
openai,gpt-4.1,bode_phase_007,bode_phase,cp_phase_deg_at_fc,-45.0,-45.0,0.0,0.0,6.0,0.05,True,1.1291990280151367,,
openai,gpt-4.1,bode_phase_008,bode_phase,cutoff_hz,1000.0,600.7721481743816,399.22785182561836,0.6645245673235463,2.0,0.03,False,1.1428208351135254,,
openai,gpt-4.1,bode_phase_008,bode_phase,phase_deg_at_10fc,-84.0,-84.28940686250036,0.28940686250035697,0.0034334903195185683,6.0,0.05,True,1.1428208351135254,,
openai,gpt-4.1,bode_phase_008,bode_phase,cp_phase_deg_at_fc,-45.0,-45.0,0.0,0.0,6.0,0.05,True,1.1428208351135254,,
openai,gpt-4.1,bode_phase_009,bode_phase,cutoff_hz,1000.0,695.930180979916,304.06981902008397,0.43692575394838234,2.0,0.03,False,1.1474130153656006,,
openai,gpt-4.1,bode_phase_009,bode_phase,phase_deg_at_10fc,-84.0,-84.28940686250036,0.28940686250035697,0.0034334903195185683,6.0,0.05,True,1.1474130153656006,,
openai,gpt-4.1,bode_phase_009,bode_phase,cp_phase_deg_at_fc,-45.0,-45.0,0.0,0.0,6.0,0.05,True,1.1474130153656006,,
openai,gpt-4.1,bode_phase_010,bode_phase,cutoff_hz,1000.0,1471.5051629691013,471.5051629691013,0.32042372316093737,2.0,0.03,False,1.5295989513397217,,
openai,gpt-4.1,bode_phase_010,bode_phase,phase_deg_at_10fc,-84.0,-84.28940686250036,0.28940686250035697,0.0034334903195185683,6.0,0.05,True,1.5295989513397217,,
openai,gpt-4.1,bode_phase_010,bode_phase,cp_phase_deg_at_fc,-45.0,-45.0,0.0,0.0,6.0,0.05,True,1.5295989513397217,,
openai,gpt-4.1,bode_phase_011,bode_phase,cutoff_hz,1000.0,1176.5537720891984,176.55377208919845,0.15006009608527549,2.0,0.03,False,1.1504478454589844,,
openai,gpt-4.1,bode_phase_011,bode_phase,phase_deg_at_10fc,-84.0,-84.28940686250036,0.28940686250035697,0.0034334903195185683,6.0,0.05,True,1.1504478454589844,,
openai,gpt-4.1,bode_phase_011,bode_phase,cp_phase_deg_at_fc,-45.0,-45.0,0.0,0.0,6.0,0.05,True,1.1504478454589844,,
openai,gpt-4.1,bode_phase_012,bode_phase,cutoff_hz,1000.0,370.34421610059235,629.6557838994077,1.7001906780917067,2.0,0.03,False,1.1290051937103271,,
openai,gpt-4.1,bode_phase_012,bode_phase,phase_deg_at_10fc,-84.0,-84.28940686250036,0.28940686250035697,0.0034334903195185683,6.0,0.05,True,1.1290051937103271,,
openai,gpt-4.1,bode_phase_012,bode_phase,cp_phase_deg_at_fc,-45.0,-45.0,0.0,0.0,6.0,0.05,True,1.1290051937103271,,
openai,gpt-4.1,bode_phase_013,bode_phase,cutoff_hz,1000.0,283.89951658899383,716.1004834110062,2.5223730283687558,2.0,0.03,False,1.331601858139038,,
openai,gpt-4.1,bode_phase_013,bode_phase,phase_deg_at_10fc,-84.0,-84.28940686250036,0.28940686250035697,0.0034334903195185683,6.0,0.05,True,1.331601858139038,,
openai,gpt-4.1,bode_phase_013,bode_phase,cp_phase_deg_at_fc,-45.0,-45.0,0.0,0.0,6.0,0.05,True,1.331601858139038,,
openai,gpt-4.1,bode_phase_014,bode_phase,cutoff_hz,300.0,424.12744897795255,124.12744897795255,0.292665445910352,2.0,0.03,False,1.3038551807403564,,
openai,gpt-4.1,bode_phase_014,bode_phase,phase_deg_at_10fc,-84.0,-84.28940686250036,0.28940686250035697,0.0034334903195185683,6.0,0.05,True,1.3038551807403564,,
openai,gpt-4.1,bode_phase_014,bode_phase,cp_phase_deg_at_fc,-45.0,-45.0,0.0,0.0,6.0,0.05,True,1.3038551807403564,,
openai,gpt-4.1,bandpass_response_000,bandpass_response,resonance_hz,2000.0,2032.473050848613,32.47305084861296,0.01597711262890033,2.0,0.02,True,1.5088930130004883,,
openai,gpt-4.1,bandpass_response_000,bandpass_response,bandwidth_hz,2600.0,361.6673558530972,2238.3326441469026,6.188926393058469,4.0,0.04,False,1.5088930130004883,,
openai,gpt-4.1,bandpass_response_000,bandpass_response,cp_f1_3db_hz,800.0,1859.6681038659378,1059.6681038659378,0.5698157115579203,3.0,0.03,False,1.5088930130004883,,
openai,gpt-4.1,bandpass_response_000,bandpass_response,cp_f2_3db_hz,3400.0,2221.335459719035,1178.664540280965,0.5306107797108898,3.0,0.03,False,1.5088930130004883,,
openai,gpt-4.1,bandpass_response_000,bandpass_response,cp_q_factor,0.77,5.619730445548336,4.849730445548335,0.8629827520268423,0.25,0.1,False,1.5088930130004883,,hz_vs_rad_s
openai,gpt-4.1,bandpass_response_001,bandpass_response,resonance_hz,1500.0,1296.9989113622848,203.00108863771516,0.15651600541784247,2.0,0.02,False,2.838536024093628,,
openai,gpt-4.1,bandpass_response_001,bandpass_response,bandwidth_hz,1400.0,216.80892476641816,1183.1910752335818,5.457298755151836,4.0,0.04,False,2.838536024093628,,hz_vs_rad_s
openai,gpt-4.1,bandpass_response_001,bandpass_response,cp_f1_3db_hz,800.0,1193.1168411456822,393.1168411456822,0.32948729545062366,3.0,0.03,False,2.838536024093628,,
openai,gpt-4.1,bandpass_response_001,bandpass_response,cp_f2_3db_hz,2200.0,1409.9257659121004,790.0742340878996,0.5603658385353286,3.0,0.03,False,2.838536024093628,,
openai,gpt-4.1,bandpass_response_001,bandpass_response,cp_q_factor,1.0,5.9822210398378335,4.9822210398378335,0.8328380055934697,0.25,0.1,False,2.838536024093628,,hz_vs_rad_s
openai,gpt-4.1,bandpass_response_002,bandpass_response,resonance_hz,1000.0,861.0214761328932,138.9785238671068,0.1614112164673304,2.0,0.02,False,1.6916179656982422,,
openai,gpt-4.1,bandpass_response_002,bandpass_response,bandwidth_hz,1200.0,269.70389742327166,930.2961025767283,3.4493239121299286,4.0,0.04,False,1.6916179656982422,,
openai,gpt-4.1,bandpass_response_002,bandpass_response,cp_f1_3db_hz,400.0,736.6657105663572,336.66571056635723,0.4570128699319053,3.0,0.03,False,1.6916179656982422,,
openai,gpt-4.1,bandpass_response_002,bandpass_response,cp_f2_3db_hz,1600.0,1006.3696079896289,593.6303920103711,0.58987313139974,3.0,0.03,False,1.6916179656982422,,
openai,gpt-4.1,bandpass_response_002,bandpass_response,cp_q_factor,0.83,3.192469535512908,2.3624695355129077,0.740013180778356,0.25,0.1,False,1.6916179656982422,,
openai,gpt-4.1,bandpass_response_003,bandpass_response,resonance_hz,3000.0,2161.9674591577814,838.0325408422186,0.3876249558208816,2.0,0.02,False,1.4276847839355469,,
openai,gpt-4.1,bandpass_response_003,bandpass_response,bandwidth_hz,4000.0,1317.244714288446,2682.7552857115543,2.0366415265220743,4.0,0.04,False,1.4276847839355469,,
openai,gpt-4.1,bandpass_response_003,bandpass_response,cp_f1_3db_hz,1000.0,1601.4410720071285,601.4410720071285,0.3755624122049814,3.0,0.03,False,1.4276847839355469,,
openai,gpt-4.1,bandpass_response_003,bandpass_response,cp_f2_3db_hz,5000.0,2918.6857862955744,2081.3142137044256,0.7130997874033062,3.0,0.03,False,1.4276847839355469,,
openai,gpt-4.1,bandpass_response_003,bandpass_response,cp_q_factor,0.75,1.6412800413669841,0.8912800413669841,0.5430395903825515,0.25,0.1,False,1.4276847839355469,,
openai,gpt-4.1,bandpass_response_004,bandpass_response,resonance_hz,1000.0,641.1321052037431,358.8678947962569,0.5597409517999626,2.0,0.02,False,1.4304161071777344,,
openai,gpt-4.1,bandpass_response_004,bandpass_response,bandwidth_hz,900.0,188.21188078140005,711.7881192186,3.781844781867469,4.0,0.04,False,1.4304161071777344,,
openai,gpt-4.1,bandpass_response_004,bandpass_response,cp_f1_3db_hz,550.0,553.895837646831,3.8958376468309552,0.0070335203517362,3.0,0.03,True,1.4304161071777344,,
openai,gpt-4.1,bandpass_response_004,bandpass_response,cp_f2_3db_hz,1450.0,742.107718428231,707.892281571769,0.9538942447210634,3.0,0.03,False,1.4304161071777344,,
openai,gpt-4.1,bandpass_response_004,bandpass_response,cp_q_factor,1.1,3.40643801306247,2.3064380130624698,0.6770820441229537,0.25,0.1,False,1.4304161071777344,,
openai,gpt-4.1,bandpass_response_005,bandpass_response,resonance_hz,2000.0,2217.274575379074,217.27457537907412,0.09799173173756705,2.0,0.02,False,1.3322789669036865,,
openai,gpt-4.1,bandpass_response_005,bandpass_response,bandwidth_hz,3300.0,858.0595500257521,2441.9404499742477,2.845886919970718,4.0,0.04,False,1.3322789669036865,,
openai,gpt-4.1,bandpass_response_005,bandpass_response,cp_f1_3db_hz,800.0,1829.370785222188,1029.370785222188,0.5626911687545971,3.0,0.03,False,1.3322789669036865,,
openai,gpt-4.1,bandpass_response_005,bandpass_response,cp_f2_3db_hz,4100.0,2687.43033524794,1412.56966475206,0.5256209421412732,3.0,0.03,False,1.3322789669036865,,
openai,gpt-4.1,bandpass_response_005,bandpass_response,cp_q_factor,0.61,2.5840567537678805,1.9740567537678806,0.7639370733206448,0.25,0.1,False,1.3322789669036865,,
openai,gpt-4.1,bandpass_response_006,bandpass_response,resonance_hz,500.0,492.6466373357739,7.353362664226097,0.014926241461817296,2.0,0.02,True,1.3651492595672607,,
openai,gpt-4.1,bandpass_response_006,bandpass_response,bandwidth_hz,900.0,77.44276222296577,822.5572377770343,10.621486297309572,4.0,0.04,False,1.3651492595672607,,
openai,gpt-4.1,bandpass_response_006,bandpass_response,cp_f1_3db_hz,100.0,455.44463819116623,355.44463819116623,0.7804343456601931,3.0,0.03,False,1.3651492595672607,,
openai,gpt-4.1,bandpass_response_006,bandpass_response,cp_f2_3db_hz,1000.0,532.887400414132,467.112599585868,0.8765690448354618,3.0,0.03,False,1.3651492595672607,,
openai,gpt-4.1,bandpass_response_006,bandpass_response,cp_q_factor,0.6,6.361429050237034,5.761429050237035,0.905681570090349,0.25,0.1,False,1.3651492595672607,,
openai,gpt-4.1,bandpass_response_007,bandpass_response,resonance_hz,3000.0,2446.4913232627505,553.5086767372495,0.22624591858313461,2.0,0.02,False,1.4773590564727783,,
openai,gpt-4.1,bandpass_response_007,bandpass_response,bandwidth_hz,4000.0,325.5246613846689,3674.475338615331,11.287855497600056,4.0,0.04,False,1.4773590564727783,,
openai,gpt-4.1,bandpass_response_007,bandpass_response,cp_f1_3db_hz,1000.0,2289.137212741761,1289.1372127417608,0.5631541899568907,3.0,0.03,False,1.4773590564727783,,
openai,gpt-4.1,bandpass_response_007,bandpass_response,cp_f2_3db_hz,5000.0,2614.6618741264297,2385.3381258735703,0.9122931532669105,3.0,0.03,False,1.4773590564727783,,
openai,gpt-4.1,bandpass_response_007,bandpass_response,cp_q_factor,0.75,7.515532964096267,6.765532964096267,0.9002066781447233,0.25,0.1,False,1.4773590564727783,,
openai,gpt-4.1,bandpass_response_008,bandpass_response,resonance_hz,2000.0,2068.697122732821,68.69712273282084,0.03320791718512643,2.0,0.02,False,1.2964270114898682,,
openai,gpt-4.1,bandpass_response_008,bandpass_response,bandwidth_hz,3500.0,270.9285683896476,3229.071431610352,11.918534286743522,4.0,0.04,False,1.2964270114898682,,
openai,gpt-4.1,bandpass_response_008,bandpass_response,cp_f1_3db_hz,800.0,1937.6633910571052,1137.6633910571052,0.587131591744862,3.0,0.03,False,1.2964270114898682,,
openai,gpt-4.1,bandpass_response_008,bandpass_response,cp_f2_3db_hz,4300.0,2208.5919594467528,2091.4080405532472,0.9469417977402853,3.0,0.03,False,1.2964270114898682,,
openai,gpt-4.1,bandpass_response_008,bandpass_response,cp_q_factor,0.57,7.635581345403326,7.065581345403325,0.9253494954456684,0.25,0.1,False,1.2964270114898682,,
openai,gpt-4.1,bandpass_response_009,bandpass_response,resonance_hz,2000.0,1854.366185480007,145.63381451999294,0.0785356288635598,2.0,0.02,False,1.4523980617523193,,
openai,gpt-4.1,bandpass_response_009,bandpass_response,bandwidth_hz,3000.0,356.07114215869274,2643.928857841307,7.425282604516624,4.0,0.04,False,1.4523980617523193,,
openai,gpt-4.1,bandpass_response_009,bandpass_response,cp_f1_3db_hz,500.0,1684.8575054071225,1184.8575054071225,0.7032389989091796,3.0,0.03,False,1.4523980617523193,,
openai,gpt-4.1,bandpass_response_009,bandpass_response,cp_f2_3db_hz,3500.0,2040.9286475658153,1459.0713524341847,0.7149056162126967,3.0,0.03,False,1.4523980617523193,,
openai,gpt-4.1,bandpass_response_009,bandpass_response,cp_q_factor,0.67,5.207853054976188,4.537853054976188,0.8713481365685224,0.25,0.1,False,1.4523980617523193,,hz_vs_rad_s
openai,gpt-4.1,bandpass_response_010,bandpass_response,resonance_hz,120.0,115.34240032289027,4.657599677109729,0.040380637684591394,2.0,0.02,False,1.783313274383545,,
openai,gpt-4.1,bandpass_response_010,bandpass_response,bandwidth_hz,180.0,28.72017517330775,151.27982482669225,5.2673712438665845,4.0,0.04,False,1.783313274383545,,hz_vs_rad_s
openai,gpt-4.1,bandpass_response_010,bandpass_response,cp_f1_3db_hz,60.0,101.87278826068223,41.87278826068223,0.41103015805883286,3.0,0.03,False,1.783313274383545,,
openai,gpt-4.1,bandpass_response_010,bandpass_response,cp_f2_3db_hz,240.0,130.59296343398998,109.40703656601002,0.8377712986145025,3.0,0.03,False,1.783313274383545,,
openai,gpt-4.1,bandpass_response_010,bandpass_response,cp_q_factor,0.67,4.016075794345722,3.3460757943457224,0.8331704792665267,0.25,0.1,False,1.783313274383545,,hz_vs_rad_s
openai,gpt-4.1,bandpass_response_011,bandpass_response,resonance_hz,3000.0,3191.536528476412,191.53652847641206,0.06001389198194404,2.0,0.02,False,1.6289198398590088,,
openai,gpt-4.1,bandpass_response_011,bandpass_response,bandwidth_hz,4000.0,445.89890411391934,3554.1010958860807,7.970643262621857,4.0,0.04,False,1.6289198398590088,,
openai,gpt-4.1,bandpass_response_011,bandpass_response,cp_f1_3db_hz,1000.0,2976.364829280803,1976.364829280803,0.6640196826134261,3.0,0.03,False,1.6289198398590088,,
openai,gpt-4.1,bandpass_response_011,bandpass_response,cp_f2_3db_hz,5000.0,3422.2637333947223,1577.7362666052777,0.4610212390148665,3.0,0.03,False,1.6289198398590088,,
openai,gpt-4.1,bandpass_response_011,bandpass_response,cp_q_factor,0.75,7.157533914147114,6.407533914147114,0.8952153061381101,0.25,0.1,False,1.6289198398590088,,
openai,gpt-4.1,bandpass_response_012,bandpass_response,resonance_hz,120.0,115.60987802581847,4.390121974181525,0.03797358884161356,2.0,0.02,False,1.4149742126464844,,
openai,gpt-4.1,bandpass_response_012,bandpass_response,bandwidth_hz,140.0,9.640989457105803,130.3590105428942,13.52133109603333,4.0,0.04,False,1.4149742126464844,,
openai,gpt-4.1,bandpass_response_012,bandpass_response,cp_f1_3db_hz,60.0,110.8898378548972,50.889837854897195,0.4589224661099075,3.0,0.03,False,1.4149742126464844,,
openai,gpt-4.1,bandpass_response_012,bandpass_response,cp_f2_3db_hz,200.0,120.530827312003,79.469172687997,0.659326534632382,3.0,0.03,False,1.4149742126464844,,
openai,gpt-4.1,bandpass_response_012,bandpass_response,cp_q_factor,0.86,11.991495119892402,11.131495119892403,0.92828250427477,0.25,0.1,False,1.4149742126464844,,
openai,gpt-4.1,bandpass_response_013,bandpass_response,resonance_hz,1000.0,675.6309898268784,324.36901017312164,0.48009788635692535,2.0,0.02,False,1.3843352794647217,,
openai,gpt-4.1,bandpass_response_013,bandpass_response,bandwidth_hz,2000.0,52.12181557973315,1947.8781844202667,37.37164875694914,4.0,0.04,False,1.3843352794647217,,
openai,gpt-4.1,bandpass_response_013,bandpass_response,cp_f1_3db_hz,500.0,650.072514937689,150.072514937689,0.23085503769079332,3.0,0.03,False,1.3843352794647217,,
openai,gpt-4.1,bandpass_response_013,bandpass_response,cp_f2_3db_hz,2500.0,702.1943305174221,1797.8056694825777,2.560267993274509,3.0,0.03,False,1.3843352794647217,,
openai,gpt-4.1,bandpass_response_013,bandpass_response,cp_q_factor,0.5,12.962537515473446,12.462537515473446,0.9614273054636758,0.25,0.1,False,1.3843352794647217,,
openai,gpt-4.1,bandpass_response_014,bandpass_response,resonance_hz,2000.0,1563.263334814585,436.73666518541495,0.27937498146287376,2.0,0.02,False,1.306509017944336,,
openai,gpt-4.1,bandpass_response_014,bandpass_response,bandwidth_hz,2000.0,146.66885245453045,1853.3311475454695,12.636160415314015,4.0,0.04,False,1.306509017944336,,
openai,gpt-4.1,bandpass_response_014,bandpass_response,cp_f1_3db_hz,1000.0,1491.6480631462418,491.64806314624184,0.32960057757138683,3.0,0.03,False,1.306509017944336,,
openai,gpt-4.1,bandpass_response_014,bandpass_response,cp_f2_3db_hz,3000.0,1638.3169156007723,1361.6830843992277,0.8311475462608511,3.0,0.03,False,1.306509017944336,,
openai,gpt-4.1,bandpass_response_014,bandpass_response,cp_q_factor,1.0,10.658454802455225,9.658454802455225,0.9061777698049022,0.25,0.1,False,1.306509017944336,,
openai,gpt-4.1,time_waveform_000,time_waveform,frequency_hz,95.0,108.98006162428744,13.980061624287444,0.12828091135132766,0.5,0.01,False,1.6229639053344727,,
openai,gpt-4.1,time_waveform_000,time_waveform,vpp_v,6.4,6.3777657357643935,0.022234264235606815,0.0034862152604515466,0.12,0.07,True,1.6229639053344727,,
openai,gpt-4.1,time_waveform_000,time_waveform,cp_period_s,0.0105,0.00917599040682813,0.0013240095931718703,0.14429064705501815,0.02,0.05,True,1.6229639053344727,,
openai,gpt-4.1,time_waveform_000,time_waveform,cp_vmax_v,3.2,3.1888828678821968,0.011117132117803408,0.0034862152604515466,0.08,0.05,True,1.6229639053344727,,
openai,gpt-4.1,time_waveform_000,time_waveform,cp_vmin_v,-3.2,-3.1888828678821968,0.011117132117803408,0.0034862152604515466,0.08,0.05,True,1.6229639053344727,,
openai,gpt-4.1,time_waveform_000,time_waveform,cp_duty,0.5,0.6823738106003999,0.18237381060039992,0.26726378968139874,0.02,0.05,False,1.6229639053344727,,
openai,gpt-4.1,time_waveform_001,time_waveform,frequency_hz,120.0,115.17533246920915,4.8246675307908475,0.04188976430418092,0.5,0.01,False,1.4155168533325195,,
openai,gpt-4.1,time_waveform_001,time_waveform,vpp_v,3.6,3.66102940461721,0.06102940461720996,0.016670012139274548,0.12,0.07,True,1.4155168533325195,,
openai,gpt-4.1,time_waveform_001,time_waveform,cp_period_s,0.0083,0.00868241470253484,0.0003824147025348404,0.044044740505563965,0.02,0.05,True,1.4155168533325195,,
openai,gpt-4.1,time_waveform_001,time_waveform,cp_vmax_v,1.8,1.830514702308605,0.03051470230860498,0.016670012139274548,0.08,0.05,True,1.4155168533325195,,
openai,gpt-4.1,time_waveform_001,time_waveform,cp_vmin_v,-1.8,-1.830514702308605,0.03051470230860498,0.016670012139274548,0.08,0.05,True,1.4155168533325195,,
openai,gpt-4.1,time_waveform_001,time_waveform,cp_duty,0.5,0.5,0.0,0.0,0.02,0.05,True,1.4155168533325195,,
openai,gpt-4.1,time_waveform_002,time_waveform,frequency_hz,100.0,91.66752312652834,8.332476873471663,0.09089889842414937,0.5,0.01,False,1.27964186668396,,
openai,gpt-4.1,time_waveform_002,time_waveform,vpp_v,8.0,7.576947217251192,0.4230527827488082,0.0558341995290137,0.12,0.07,True,1.27964186668396,,
openai,gpt-4.1,time_waveform_002,time_waveform,cp_period_s,0.01,0.010908988984241494,0.0009089889842414933,0.08332476873471659,0.02,0.05,True,1.27964186668396,,
openai,gpt-4.1,time_waveform_002,time_waveform,cp_vmax_v,3.8,3.788473608625596,0.011526391374403921,0.003042489552562973,0.08,0.05,True,1.27964186668396,,
openai,gpt-4.1,time_waveform_002,time_waveform,cp_vmin_v,-3.8,-3.788473608625596,0.011526391374403921,0.003042489552562973,0.08,0.05,True,1.27964186668396,,
openai,gpt-4.1,time_waveform_002,time_waveform,cp_duty,50.0,0.5,49.5,99.0,0.02,0.05,False,1.27964186668396,,
openai,gpt-4.1,time_waveform_003,time_waveform,frequency_hz,5.0,29.185122653874252,24.185122653874252,0.8286798359801903,0.5,0.01,False,1.4099657535552979,,hz_vs_rad_s
openai,gpt-4.1,time_waveform_003,time_waveform,vpp_v,3.4,3.4684095483402713,0.06840954834027135,0.01972360743067588,0.12,0.07,True,1.4099657535552979,,
openai,gpt-4.1,time_waveform_003,time_waveform,cp_period_s,0.2,0.03426403280396194,0.16573596719603806,4.83702453077485,0.02,0.05,False,1.4099657535552979,,
openai,gpt-4.1,time_waveform_003,time_waveform,cp_vmax_v,1.7,1.7342047741701356,0.03420477417013568,0.01972360743067588,0.08,0.05,True,1.4099657535552979,,
openai,gpt-4.1,time_waveform_003,time_waveform,cp_vmin_v,-1.7,-1.7342047741701356,0.03420477417013568,0.01972360743067588,0.08,0.05,True,1.4099657535552979,,
openai,gpt-4.1,time_waveform_003,time_waveform,cp_duty,0.5,0.5,0.0,0.0,0.02,0.05,True,1.4099657535552979,,
openai,gpt-4.1,time_waveform_004,time_waveform,frequency_hz,40.0,47.96144344597959,7.96144344597959,0.1659967439250823,0.5,0.01,False,1.4410948753356934,,
openai,gpt-4.1,time_waveform_004,time_waveform,vpp_v,3.5,3.4063077424570882,0.09369225754291177,0.027505517594639962,0.12,0.07,True,1.4410948753356934,,
openai,gpt-4.1,time_waveform_004,time_waveform,cp_period_s,0.025,0.020850081401872944,0.004149918598127057,0.19903608614948975,0.02,0.05,True,1.4410948753356934,,
openai,gpt-4.1,time_waveform_004,time_waveform,cp_vmax_v,1.7,1.7031538712285441,0.0031538712285441584,0.001851782908064062,0.08,0.05,True,1.4410948753356934,,
openai,gpt-4.1,time_waveform_004,time_waveform,cp_vmin_v,-1.8,-1.7031538712285441,0.09684612877145593,0.05686281809734399,0.08,0.05,False,1.4410948753356934,,
openai,gpt-4.1,time_waveform_004,time_waveform,cp_duty,0.5,0.21872229071089005,0.28127770928910995,1.2860038561908922,0.02,0.05,False,1.4410948753356934,,
openai,gpt-4.1,time_waveform_005,time_waveform,frequency_hz,40.0,48.01416006176767,8.014160061767669,0.16691242857227695,0.5,0.01,False,1.537187099456787,,
openai,gpt-4.1,time_waveform_005,time_waveform,vpp_v,6.0,5.275195699822893,0.724804300177107,0.13739856138445086,0.12,0.07,False,1.537187099456787,,
openai,gpt-4.1,time_waveform_005,time_waveform,cp_period_s,0.025,0.020827189285693076,0.004172810714306925,0.20035400154419178,0.02,0.05,True,1.537187099456787,,
openai,gpt-4.1,time_waveform_005,time_waveform,cp_vmax_v,3.0,2.6375978499114465,0.3624021500885535,0.13739856138445086,0.08,0.05,False,1.537187099456787,,
openai,gpt-4.1,time_waveform_005,time_waveform,cp_vmin_v,-3.0,-2.6375978499114465,0.3624021500885535,0.13739856138445086,0.08,0.05,False,1.537187099456787,,
openai,gpt-4.1,time_waveform_005,time_waveform,cp_duty,0.5,0.7184573739054116,0.21845737390541164,0.3040644884997347,0.02,0.05,False,1.537187099456787,,
openai,gpt-4.1,time_waveform_006,time_waveform,frequency_hz,80.0,80.29195749643164,0.2919574964316354,0.003636198512716677,0.5,0.01,True,1.5239908695220947,,
openai,gpt-4.1,time_waveform_006,time_waveform,vpp_v,8.0,7.840524455999274,0.15947554400072583,0.02033990773138921,0.12,0.07,True,1.5239908695220947,,
openai,gpt-4.1,time_waveform_006,time_waveform,cp_period_s,0.0125,0.012454547518591041,4.545248140895922e-05,0.0036494687053955023,0.02,0.05,True,1.5239908695220947,,
openai,gpt-4.1,time_waveform_006,time_waveform,cp_vmax_v,4.0,3.920262227999637,0.07973777200036292,0.02033990773138921,0.08,0.05,True,1.5239908695220947,,
openai,gpt-4.1,time_waveform_006,time_waveform,cp_vmin_v,-4.0,-3.920262227999637,0.07973777200036292,0.02033990773138921,0.08,0.05,True,1.5239908695220947,,
openai,gpt-4.1,time_waveform_006,time_waveform,cp_duty,0.5,0.5,0.0,0.0,0.02,0.05,True,1.5239908695220947,,
openai,gpt-4.1,time_waveform_007,time_waveform,frequency_hz,150.0,89.08434613089787,60.91565386910213,0.6837975078089982,0.5,0.01,False,1.2977850437164307,,
openai,gpt-4.1,time_waveform_007,time_waveform,vpp_v,8.0,8.2181413099129,0.21814130991289993,0.026543874300357085,0.12,0.07,True,1.2977850437164307,,
openai,gpt-4.1,time_waveform_007,time_waveform,cp_period_s,0.0067,0.011225316718726654,0.004525316718726653,0.4031348809229842,0.02,0.05,True,1.2977850437164307,,
openai,gpt-4.1,time_waveform_007,time_waveform,cp_vmax_v,4.0,4.10907065495645,0.10907065495644996,0.026543874300357085,0.08,0.05,True,1.2977850437164307,,
openai,gpt-4.1,time_waveform_007,time_waveform,cp_vmin_v,-4.0,-4.10907065495645,0.10907065495644996,0.026543874300357085,0.08,0.05,True,1.2977850437164307,,
openai,gpt-4.1,time_waveform_007,time_waveform,cp_duty,50.0,0.5,49.5,99.0,0.02,0.05,False,1.2977850437164307,,
openai,gpt-4.1,time_waveform_008,time_waveform,frequency_hz,4.0,4.294810089577943,0.2948100895779433,0.06864333542788027,0.5,0.01,True,1.5714120864868164,,
openai,gpt-4.1,time_waveform_008,time_waveform,vpp_v,8.0,7.550025025798579,0.44997497420142096,0.05959913677952695,0.12,0.07,True,1.5714120864868164,,
openai,gpt-4.1,time_waveform_008,time_waveform,cp_period_s,0.25,0.23283916614302994,0.017160833856970065,0.0737025223944858,0.02,0.05,True,1.5714120864868164,,
openai,gpt-4.1,time_waveform_008,time_waveform,cp_vmax_v,3.8,3.7750125128992895,0.024987487100710304,0.006619179940550551,0.08,0.05,True,1.5714120864868164,,
openai,gpt-4.1,time_waveform_008,time_waveform,cp_vmin_v,-3.8,-3.7750125128992895,0.024987487100710304,0.006619179940550551,0.08,0.05,True,1.5714120864868164,,
openai,gpt-4.1,time_waveform_008,time_waveform,cp_duty,0.5,0.5,0.0,0.0,0.02,0.05,True,1.5714120864868164,,
openai,gpt-4.1,time_waveform_009,time_waveform,frequency_hz,68.0,62.65537071265811,5.344629287341888,0.08530201364305591,0.5,0.01,False,1.4654629230499268,,
openai,gpt-4.1,time_waveform_009,time_waveform,vpp_v,8.4,8.325864061935977,0.07413593806402297,0.008904293597940927,0.12,0.07,True,1.4654629230499268,,
openai,gpt-4.1,time_waveform_009,time_waveform,cp_period_s,0.0147,0.01596032373004494,0.0012603237300449401,0.07896605052392577,0.02,0.05,True,1.4654629230499268,,
openai,gpt-4.1,time_waveform_009,time_waveform,cp_vmax_v,4.2,4.162932030967989,0.03706796903201148,0.008904293597940927,0.08,0.05,True,1.4654629230499268,,
openai,gpt-4.1,time_waveform_009,time_waveform,cp_vmin_v,-4.2,-4.162932030967989,0.03706796903201148,0.008904293597940927,0.08,0.05,True,1.4654629230499268,,
openai,gpt-4.1,time_waveform_009,time_waveform,cp_duty,0.5,0.3980541484346982,0.10194585156530178,0.25611051151254677,0.02,0.05,False,1.4654629230499268,,
openai,gpt-4.1,time_waveform_010,time_waveform,frequency_hz,50.0,60.61032812619263,10.610328126192627,0.1750580875276172,0.5,0.01,False,1.306443214416504,,
openai,gpt-4.1,time_waveform_010,time_waveform,vpp_v,9.0,9.576308202600192,0.5763082026001918,0.0601806239322697,0.12,0.07,True,1.306443214416504,,
openai,gpt-4.1,time_waveform_010,time_waveform,cp_period_s,0.02,0.016498838249447655,0.003501161750552345,0.21220656252385264,0.02,0.05,True,1.306443214416504,,
openai,gpt-4.1,time_waveform_010,time_waveform,cp_vmax_v,4.5,4.788154101300096,0.2881541013000959,0.0601806239322697,0.08,0.05,False,1.306443214416504,,
openai,gpt-4.1,time_waveform_010,time_waveform,cp_vmin_v,-4.5,-4.788154101300096,0.2881541013000959,0.0601806239322697,0.08,0.05,False,1.306443214416504,,
openai,gpt-4.1,time_waveform_010,time_waveform,cp_duty,,0.5,,,0.02,0.05,False,1.306443214416504,,missing_value
openai,gpt-4.1,time_waveform_011,time_waveform,frequency_hz,30.0,35.51318212158666,5.513182121586659,0.15524325876265185,0.5,0.01,False,1.5697181224822998,,
openai,gpt-4.1,time_waveform_011,time_waveform,vpp_v,4.8,4.844541066501126,0.0445410665011261,0.009194073471503259,0.12,0.07,True,1.5697181224822998,,
openai,gpt-4.1,time_waveform_011,time_waveform,cp_period_s,0.033,0.028158558041244938,0.004841441958755063,0.1719350100123598,0.02,0.05,True,1.5697181224822998,,
openai,gpt-4.1,time_waveform_011,time_waveform,cp_vmax_v,2.4,2.422270533250563,0.02227053325056305,0.009194073471503259,0.08,0.05,True,1.5697181224822998,,
openai,gpt-4.1,time_waveform_011,time_waveform,cp_vmin_v,-2.4,-2.422270533250563,0.02227053325056305,0.009194073471503259,0.08,0.05,True,1.5697181224822998,,
openai,gpt-4.1,time_waveform_011,time_waveform,cp_duty,0.5,0.5,0.0,0.0,0.02,0.05,True,1.5697181224822998,,
openai,gpt-4.1,time_waveform_012,time_waveform,frequency_hz,75.0,82.92752444548549,7.9275244454854885,0.09559581693164913,0.5,0.01,False,1.315412998199463,,
openai,gpt-4.1,time_waveform_012,time_waveform,vpp_v,6.0,5.954463494432604,0.04553650556739619,0.007647457341870114,0.12,0.07,True,1.315412998199463,,
openai,gpt-4.1,time_waveform_012,time_waveform,cp_period_s,0.013,0.012058722440911345,0.0009412775590886546,0.07805781779131132,0.02,0.05,True,1.315412998199463,,
openai,gpt-4.1,time_waveform_012,time_waveform,cp_vmax_v,3.0,2.977231747216302,0.022768252783698095,0.007647457341870114,0.08,0.05,True,1.315412998199463,,
openai,gpt-4.1,time_waveform_012,time_waveform,cp_vmin_v,-3.0,-2.977231747216302,0.022768252783698095,0.007647457341870114,0.08,0.05,True,1.315412998199463,,
openai,gpt-4.1,time_waveform_012,time_waveform,cp_duty,50.0,0.5,49.5,99.0,0.02,0.05,False,1.315412998199463,,
openai,gpt-4.1,time_waveform_013,time_waveform,frequency_hz,40.0,29.270800541593104,10.729199458406896,0.36654957363263646,0.5,0.01,False,1.768752098083496,,
openai,gpt-4.1,time_waveform_013,time_waveform,vpp_v,2.9,2.876009253648035,0.023990746351965075,0.008341679124131586,0.12,0.07,True,1.768752098083496,,
openai,gpt-4.1,time_waveform_013,time_waveform,cp_period_s,0.025,0.03416373934081591,0.009163739340815907,0.2682299864601723,0.02,0.05,True,1.768752098083496,,
openai,gpt-4.1,time_waveform_013,time_waveform,cp_vmax_v,1.45,1.4380046268240174,0.011995373175982538,0.008341679124131586,0.08,0.05,True,1.768752098083496,,
openai,gpt-4.1,time_waveform_013,time_waveform,cp_vmin_v,-1.45,-1.4380046268240174,0.011995373175982538,0.008341679124131586,0.08,0.05,True,1.768752098083496,,
openai,gpt-4.1,time_waveform_013,time_waveform,cp_duty,50.0,0.5,49.5,99.0,0.02,0.05,False,1.768752098083496,,
openai,gpt-4.1,time_waveform_014,time_waveform,frequency_hz,4.0,4.096591244767414,0.09659124476741443,0.023578443392611028,0.5,0.01,True,1.4897801876068115,,
openai,gpt-4.1,time_waveform_014,time_waveform,vpp_v,3.6,3.577353329280145,0.022646670719855155,0.006330565822082843,0.12,0.07,True,1.4897801876068115,,
openai,gpt-4.1,time_waveform_014,time_waveform,cp_period_s,0.25,0.24410538915184724,0.005894610848152765,0.02414781119185364,0.02,0.05,True,1.4897801876068115,,
openai,gpt-4.1,time_waveform_014,time_waveform,cp_vmax_v,1.8,1.7886766646400725,0.011323335359927578,0.006330565822082843,0.08,0.05,True,1.4897801876068115,,
openai,gpt-4.1,time_waveform_014,time_waveform,cp_vmin_v,-1.8,-1.7886766646400725,0.011323335359927578,0.006330565822082843,0.08,0.05,True,1.4897801876068115,,
openai,gpt-4.1,time_waveform_014,time_waveform,cp_duty,0.5,0.5,0.0,0.0,0.02,0.05,True,1.4897801876068115,,
openai,gpt-4.1,fft_spectrum_000,fft_spectrum,dominant_frequency_hz,260.0,259.1065072378426,0.8934927621573934,0.0034483609527306324,1.0,0.02,True,1.114434003829956,,
openai,gpt-4.1,fft_spectrum_000,fft_spectrum,secondary_frequency_hz,130.0,130.31368480257126,0.3136848025712595,0.0024071516590640535,1.0,0.02,True,1.114434003829956,,
openai,gpt-4.1,fft_spectrum_000,fft_spectrum,cp_peak_ratio,2.4,2.2670859609639913,0.13291403903600862,0.058627701518425016,0.08,0.1,True,1.114434003829956,,
openai,gpt-4.1,fft_spectrum_001,fft_spectrum,dominant_frequency_hz,30.0,35.60002708782826,5.600027087828259,0.15730401198888197,1.0,0.02,False,1.8460841178894043,,
openai,gpt-4.1,fft_spectrum_001,fft_spectrum,secondary_frequency_hz,270.0,277.2282455059784,7.228245505978407,0.02607326498346479,1.0,0.02,False,1.8460841178894043,,
openai,gpt-4.1,fft_spectrum_001,fft_spectrum,cp_peak_ratio,2.3,2.340588612406002,0.04058861240600198,0.01734119878686371,0.08,0.1,True,1.8460841178894043,,
openai,gpt-4.1,fft_spectrum_002,fft_spectrum,dominant_frequency_hz,850.0,837.6541844459106,12.345815554089427,0.01473855892244591,1.0,0.02,True,1.187791109085083,,
openai,gpt-4.1,fft_spectrum_002,fft_spectrum,secondary_frequency_hz,550.0,549.4258560614486,0.5741439385514013,0.0010449889320228647,1.0,0.02,True,1.187791109085083,,
openai,gpt-4.1,fft_spectrum_002,fft_spectrum,cp_peak_ratio,2.1,3.7458899849605856,1.6458899849605855,0.43938556433015574,0.08,0.1,False,1.187791109085083,,
openai,gpt-4.1,fft_spectrum_003,fft_spectrum,dominant_frequency_hz,600.0,616.712486405079,16.71248640507895,0.027099315764626153,1.0,0.02,False,0.97011399269104,,
openai,gpt-4.1,fft_spectrum_003,fft_spectrum,secondary_frequency_hz,1200.0,1235.8662018432367,35.866201843236695,0.02902110421803261,1.0,0.02,False,0.97011399269104,,
openai,gpt-4.1,fft_spectrum_003,fft_spectrum,cp_peak_ratio,2.7,5.2895750859564865,2.5895750859564863,0.4895620241466384,0.08,0.1,False,0.97011399269104,,
openai,gpt-4.1,fft_spectrum_004,fft_spectrum,dominant_frequency_hz,600.0,584.1138066630722,15.886193336927818,0.027197085834492648,1.0,0.02,False,0.9460270404815674,,
openai,gpt-4.1,fft_spectrum_004,fft_spectrum,secondary_frequency_hz,700.0,673.4548518061866,26.54514819381336,0.03941637382612959,1.0,0.02,False,0.9460270404815674,,
openai,gpt-4.1,fft_spectrum_004,fft_spectrum,cp_peak_ratio,2.5,2.614273656351621,0.1142736563516209,0.04371143628134814,0.08,0.1,True,0.9460270404815674,,
openai,gpt-4.1,fft_spectrum_005,fft_spectrum,dominant_frequency_hz,,839.2677924199588,,,1.0,0.02,False,1.2044029235839844,,missing_value
openai,gpt-4.1,fft_spectrum_005,fft_spectrum,secondary_frequency_hz,,90.81892580881114,,,1.0,0.02,False,1.2044029235839844,,missing_value
openai,gpt-4.1,fft_spectrum_005,fft_spectrum,cp_peak_ratio,,5.1210410390155525,,,0.08,0.1,False,1.2044029235839844,,missing_value
openai,gpt-4.1,fft_spectrum_006,fft_spectrum,dominant_frequency_hz,575.0,573.1108378101706,1.8891621898294488,0.0032963295495298055,1.0,0.02,True,1.1101322174072266,,
openai,gpt-4.1,fft_spectrum_006,fft_spectrum,secondary_frequency_hz,300.0,303.37145232632867,3.371452326328665,0.011113281426039002,1.0,0.02,True,1.1101322174072266,,
openai,gpt-4.1,fft_spectrum_006,fft_spectrum,cp_peak_ratio,2.0,1.9413416676392972,0.058658332360702836,0.030215357419300804,0.08,0.1,True,1.1101322174072266,,
openai,gpt-4.1,fft_spectrum_007,fft_spectrum,dominant_frequency_hz,215.0,214.54750512969377,0.45249487030622504,0.0021090661018532578,1.0,0.02,True,1.1268441677093506,,
openai,gpt-4.1,fft_spectrum_007,fft_spectrum,secondary_frequency_hz,145.0,143.9513345638606,1.0486654361394017,0.0072848608129727765,1.0,0.02,True,1.1268441677093506,,
openai,gpt-4.1,fft_spectrum_007,fft_spectrum,cp_peak_ratio,2.1,2.097071145422127,0.0029288545778731745,0.0013966405404350814,0.08,0.1,True,1.1268441677093506,,
openai,gpt-4.1,fft_spectrum_008,fft_spectrum,dominant_frequency_hz,950.0,939.6855420319224,10.31445796807759,0.010976499591314554,1.0,0.02,True,1.0048069953918457,,
openai,gpt-4.1,fft_spectrum_008,fft_spectrum,secondary_frequency_hz,1200.0,1182.7506049225428,17.249395077457166,0.014584135493709438,1.0,0.02,True,1.0048069953918457,,
openai,gpt-4.1,fft_spectrum_008,fft_spectrum,cp_peak_ratio,2.2,2.231600550812685,0.03160055081268487,0.014160487100245988,0.08,0.1,True,1.0048069953918457,,
openai,gpt-4.1,fft_spectrum_009,fft_spectrum,dominant_frequency_hz,1500.0,1487.090946606909,12.909053393090971,0.008680742373252639,1.0,0.02,True,1.0319149494171143,,
openai,gpt-4.1,fft_spectrum_009,fft_spectrum,secondary_frequency_hz,300.0,324.0493144713512,24.04931447135118,0.07421498332926531,1.0,0.02,False,1.0319149494171143,,
openai,gpt-4.1,fft_spectrum_009,fft_spectrum,cp_peak_ratio,1.15,1.1643495409426667,0.014349540942666827,0.012324083480162945,0.08,0.1,True,1.0319149494171143,,
openai,gpt-4.1,fft_spectrum_010,fft_spectrum,dominant_frequency_hz,500.0,497.01245038800414,2.9875496119958598,0.006011015638870939,1.0,0.02,True,1.2727952003479004,,
openai,gpt-4.1,fft_spectrum_010,fft_spectrum,secondary_frequency_hz,400.0,388.34125455989556,11.65874544010444,0.030021908059490652,1.0,0.02,False,1.2727952003479004,,
openai,gpt-4.1,fft_spectrum_010,fft_spectrum,cp_peak_ratio,1.8,2.3978745657718887,0.5978745657718887,0.2493352130700088,0.08,0.1,False,1.2727952003479004,,
openai,gpt-4.1,fft_spectrum_011,fft_spectrum,dominant_frequency_hz,700.0,680.4387024187878,19.561297581212216,0.028748067256722378,1.0,0.02,False,1.1577367782592773,,
openai,gpt-4.1,fft_spectrum_011,fft_spectrum,secondary_frequency_hz,,658.6917194457441,,,1.0,0.02,False,1.1577367782592773,,missing_value
openai,gpt-4.1,fft_spectrum_011,fft_spectrum,cp_peak_ratio,,1.6199369394661034,,,0.08,0.1,False,1.1577367782592773,,missing_value
openai,gpt-4.1,fft_spectrum_012,fft_spectrum,dominant_frequency_hz,570.0,563.4239813195776,6.576018680422408,0.011671527834191439,1.0,0.02,True,0.978646993637085,,
openai,gpt-4.1,fft_spectrum_012,fft_spectrum,secondary_frequency_hz,1010.0,1010.6099638164895,0.6099638164895396,0.0006035600660279054,1.0,0.02,True,0.978646993637085,,
openai,gpt-4.1,fft_spectrum_012,fft_spectrum,cp_peak_ratio,1.65,1.6612813646170477,0.011281364617047762,0.006790760949544691,0.08,0.1,True,0.978646993637085,,
openai,gpt-4.1,fft_spectrum_013,fft_spectrum,dominant_frequency_hz,550.0,568.27796212558,18.27796212557996,0.03216377080190352,1.0,0.02,False,1.6401262283325195,,
openai,gpt-4.1,fft_spectrum_013,fft_spectrum,secondary_frequency_hz,,544.8797537374102,,,1.0,0.02,False,1.6401262283325195,,missing_value
openai,gpt-4.1,fft_spectrum_013,fft_spectrum,cp_peak_ratio,,1.9328821534167921,,,0.08,0.1,False,1.6401262283325195,,missing_value
openai,gpt-4.1,fft_spectrum_014,fft_spectrum,dominant_frequency_hz,150.0,153.017715972192,3.0177159721920077,0.019721350256857964,1.0,0.02,True,1.029918909072876,,
openai,gpt-4.1,fft_spectrum_014,fft_spectrum,secondary_frequency_hz,,133.46484529685216,,,1.0,0.02,False,1.029918909072876,,missing_value
openai,gpt-4.1,fft_spectrum_014,fft_spectrum,cp_peak_ratio,,1.7691736073577387,,,0.08,0.1,False,1.029918909072876,,missing_value
openai,gpt-4.1,spectrogram_000,spectrogram,f1_hz,200.0,191.3086682049266,8.69133179507341,0.04543093565297001,2.0,0.02,False,1.0924530029296875,,
openai,gpt-4.1,spectrogram_000,spectrogram,f2_hz,700.0,716.5198310690844,16.519831069084375,0.023055650873522845,2.0,0.02,False,1.0924530029296875,,
openai,gpt-4.1,spectrogram_000,spectrogram,switch_time_s,1.0,0.8847182927536507,0.11528170724634934,0.13030329336532603,0.08,0.08,False,1.0924530029296875,,
openai,gpt-4.1,spectrogram_000,spectrogram,cp_duration_s,2.0,2.1003374944836284,0.10033749448362839,0.047772081747412945,0.08,0.08,True,1.0924530029296875,,
openai,gpt-4.1,spectrogram_001,spectrogram,f1_hz,300.0,286.1382368431868,13.861763156813197,0.04844428801177628,2.0,0.02,False,1.2366008758544922,,
openai,gpt-4.1,spectrogram_001,spectrogram,f2_hz,850.0,860.3722417347109,10.372241734710883,0.012055528097696442,2.0,0.02,True,1.2366008758544922,,
openai,gpt-4.1,spectrogram_001,spectrogram,switch_time_s,1.8,1.861707539638229,0.06170753963822895,0.03314566779388995,0.08,0.08,True,1.2366008758544922,,
openai,gpt-4.1,spectrogram_001,spectrogram,cp_duration_s,2.5,2.652405016753409,0.15240501675340878,0.05745917979749384,0.08,0.08,True,1.2366008758544922,,
openai,gpt-4.1,spectrogram_002,spectrogram,f1_hz,300.0,300.07336092791695,0.07336092791695137,0.00024447664294523626,2.0,0.02,True,1.0737640857696533,,
openai,gpt-4.1,spectrogram_002,spectrogram,f2_hz,900.0,910.8851366594532,10.885136659453224,0.011950065075573606,2.0,0.02,True,1.0737640857696533,,
openai,gpt-4.1,spectrogram_002,spectrogram,switch_time_s,1.1,1.1324787085976893,0.0324787085976892,0.028679310569914823,0.08,0.08,True,1.0737640857696533,,
openai,gpt-4.1,spectrogram_002,spectrogram,cp_duration_s,3.0,2.9143577381983867,0.08564226180161327,0.029386324362003707,0.08,0.08,True,1.0737640857696533,,
openai,gpt-4.1,spectrogram_003,spectrogram,f1_hz,400.0,382.70874425638567,17.29125574361433,0.04518124031164155,2.0,0.02,False,1.2136390209197998,,
openai,gpt-4.1,spectrogram_003,spectrogram,f2_hz,750.0,764.1056892253039,14.105689225303877,0.018460390263034254,2.0,0.02,True,1.2136390209197998,,
openai,gpt-4.1,spectrogram_003,spectrogram,switch_time_s,2.2,2.211074823508856,0.011074823508856024,0.005008796351487046,0.08,0.08,True,1.2136390209197998,,
openai,gpt-4.1,spectrogram_003,spectrogram,cp_duration_s,2.8,2.912941007404352,0.11294100740435198,0.038772157457795844,0.08,0.08,True,1.2136390209197998,,
openai,gpt-4.1,spectrogram_004,spectrogram,f1_hz,400.0,392.3276305313306,7.6723694686693875,0.01955602631983547,2.0,0.02,True,1.144552230834961,,
openai,gpt-4.1,spectrogram_004,spectrogram,f2_hz,800.0,815.8899667556911,15.889966755691148,0.01947562465913889,2.0,0.02,True,1.144552230834961,,
openai,gpt-4.1,spectrogram_004,spectrogram,switch_time_s,1.0,1.1313486950433163,0.13134869504331625,0.11609921469727534,0.08,0.08,False,1.144552230834961,,
openai,gpt-4.1,spectrogram_004,spectrogram,cp_duration_s,2.0,1.9948494917644535,0.005150508235546525,0.0025819031745552275,0.08,0.08,True,1.144552230834961,,
openai,gpt-4.1,spectrogram_005,spectrogram,f1_hz,130.0,106.55016638683051,23.44983361316949,0.2200825621241626,2.0,0.02,False,1.3772261142730713,,
openai,gpt-4.1,spectrogram_005,spectrogram,f2_hz,670.0,676.9916578431364,6.991657843136409,0.010327539138977727,2.0,0.02,True,1.3772261142730713,,
openai,gpt-4.1,spectrogram_005,spectrogram,switch_time_s,0.8,0.7943057942544447,0.005694205745555347,0.007168782837471394,0.08,0.08,True,1.3772261142730713,,
openai,gpt-4.1,spectrogram_005,spectrogram,cp_duration_s,2.7,2.7108007299768837,0.010800729976883527,0.003984331956770438,0.08,0.08,True,1.3772261142730713,,
openai,gpt-4.1,spectrogram_006,spectrogram,f1_hz,250.0,268.11233749859093,18.112337498590932,0.06755503184811897,2.0,0.02,False,1.2293848991394043,,
openai,gpt-4.1,spectrogram_006,spectrogram,f2_hz,900.0,940.0225898451237,40.02258984512366,0.04257620005889189,2.0,0.02,False,1.2293848991394043,,
openai,gpt-4.1,spectrogram_006,spectrogram,switch_time_s,2.0,2.0592657094146904,0.05926570941469045,0.02878002054020298,0.08,0.08,True,1.2293848991394043,,
openai,gpt-4.1,spectrogram_006,spectrogram,cp_duration_s,3.2,3.2855624195751756,0.08556241957517541,0.026041940054281076,0.08,0.08,True,1.2293848991394043,,
openai,gpt-4.1,spectrogram_007,spectrogram,f1_hz,250.0,246.14335848586282,3.8566415141371806,0.015668273716021006,2.0,0.02,True,1.3806869983673096,,
openai,gpt-4.1,spectrogram_007,spectrogram,f2_hz,900.0,1076.3411631099682,176.3411631099682,0.16383389315005847,2.0,0.02,False,1.3806869983673096,,
openai,gpt-4.1,spectrogram_007,spectrogram,switch_time_s,0.8,0.8219143153003874,0.021914315300387344,0.02666253025703568,0.08,0.08,True,1.3806869983673096,,
openai,gpt-4.1,spectrogram_007,spectrogram,cp_duration_s,0.9,1.8540647185886803,0.9540647185886802,0.5145800516148742,0.08,0.08,False,1.3806869983673096,,
openai,gpt-4.1,spectrogram_008,spectrogram,f1_hz,250.0,239.03833936938497,10.961660630615029,0.04585733259163928,2.0,0.02,False,1.1023890972137451,,
openai,gpt-4.1,spectrogram_008,spectrogram,f2_hz,900.0,909.4088427708508,9.40884277085081,0.010346108733870771,2.0,0.02,True,1.1023890972137451,,
openai,gpt-4.1,spectrogram_008,spectrogram,switch_time_s,1.0,0.8795667007266857,0.12043329927331425,0.13692344102364715,0.08,0.08,False,1.1023890972137451,,
openai,gpt-4.1,spectrogram_008,spectrogram,cp_duration_s,3.0,2.982686268156971,0.01731373184302898,0.0058047445444965595,0.08,0.08,True,1.1023890972137451,,
openai,gpt-4.1,spectrogram_009,spectrogram,f1_hz,200.0,195.18364894983387,4.8163510501661335,0.02467599656057272,2.0,0.02,False,1.2005259990692139,,
openai,gpt-4.1,spectrogram_009,spectrogram,f2_hz,800.0,809.8068169842189,9.806816984218926,0.01211006968395283,2.0,0.02,True,1.2005259990692139,,
openai,gpt-4.1,spectrogram_009,spectrogram,switch_time_s,1.5,1.5168295979961441,0.01682959799614414,0.011095246307414765,0.08,0.08,True,1.2005259990692139,,
openai,gpt-4.1,spectrogram_009,spectrogram,cp_duration_s,2.25,2.3499832968460175,0.09998329684601748,0.04254638617227962,0.08,0.08,True,1.2005259990692139,,
openai,gpt-4.1,spectrogram_010,spectrogram,f1_hz,350.0,340.0006643666616,9.999335633338376,0.029409753219055326,2.0,0.02,False,1.4296822547912598,,
openai,gpt-4.1,spectrogram_010,spectrogram,f2_hz,900.0,1092.8291979078292,192.8291979078292,0.17644952960352062,2.0,0.02,False,1.4296822547912598,,
openai,gpt-4.1,spectrogram_010,spectrogram,switch_time_s,2.0,2.011412602779837,0.011412602779837133,0.005673924267981889,0.08,0.08,True,1.4296822547912598,,
openai,gpt-4.1,spectrogram_010,spectrogram,cp_duration_s,2.5,2.6616133320855457,0.16161333208554574,0.06072006408192706,0.08,0.08,True,1.4296822547912598,,
openai,gpt-4.1,spectrogram_011,spectrogram,f1_hz,220.0,222.08063166536675,2.0806316653667523,0.009368811902975258,2.0,0.02,True,1.3313260078430176,,
openai,gpt-4.1,spectrogram_011,spectrogram,f2_hz,550.0,550.9817428868096,0.9817428868095703,0.0017818065652517525,2.0,0.02,True,1.3313260078430176,,
openai,gpt-4.1,spectrogram_011,spectrogram,switch_time_s,1.2,1.1451898866323615,0.05481011336763841,0.04786115735689693,0.08,0.08,True,1.3313260078430176,,
openai,gpt-4.1,spectrogram_011,spectrogram,cp_duration_s,2.5,2.58395181954857,0.08395181954856978,0.032489700045272754,0.08,0.08,True,1.3313260078430176,,
openai,gpt-4.1,spectrogram_012,spectrogram,f1_hz,200.0,182.01436394403962,17.985636055960384,0.09881437742732258,2.0,0.02,False,1.2590746879577637,,
openai,gpt-4.1,spectrogram_012,spectrogram,f2_hz,900.0,909.3970694371444,9.39706943714441,0.010333296370704783,2.0,0.02,True,1.2590746879577637,,
openai,gpt-4.1,spectrogram_012,spectrogram,switch_time_s,1.7,1.6659930943048946,0.03400690569510534,0.02041239295130098,0.08,0.08,True,1.2590746879577637,,
openai,gpt-4.1,spectrogram_012,spectrogram,cp_duration_s,2.3,2.2902102161217632,0.009789783878236591,0.004274622394626546,0.08,0.08,True,1.2590746879577637,,
openai,gpt-4.1,spectrogram_013,spectrogram,f1_hz,260.0,271.997772873816,11.997772873816018,0.04410982026452831,2.0,0.02,False,1.2999911308288574,,
openai,gpt-4.1,spectrogram_013,spectrogram,f2_hz,400.0,393.82222763936824,6.177772360631764,0.01568670310373869,2.0,0.02,True,1.2999911308288574,,
openai,gpt-4.1,spectrogram_013,spectrogram,switch_time_s,1.25,1.3554976153241272,0.10549761532412716,0.077829436312878,0.08,0.08,True,1.2999911308288574,,
openai,gpt-4.1,spectrogram_013,spectrogram,cp_duration_s,2.3,2.3449212785093794,0.04492127850937955,0.01915683862015834,0.08,0.08,True,1.2999911308288574,,
openai,gpt-4.1,spectrogram_014,spectrogram,f1_hz,525.0,522.4505473076131,2.5494526923869216,0.0048797971511853585,2.0,0.02,True,1.095005750656128,,
openai,gpt-4.1,spectrogram_014,spectrogram,f2_hz,650.0,638.0644477174019,11.93555228259811,0.018705872620385134,2.0,0.02,True,1.095005750656128,,
openai,gpt-4.1,spectrogram_014,spectrogram,switch_time_s,1.5,1.525810449230286,0.02581044923028597,0.016915894922142113,0.08,0.08,True,1.095005750656128,,
openai,gpt-4.1,spectrogram_014,spectrogram,cp_duration_s,0.1,2.1099325295780735,2.0099325295780734,0.9526051195485397,0.08,0.08,False,1.095005750656128,,
openai,gpt-4.1,iv_curve_000,iv_curve,target_current_a,0.027838,0.027838018890906445,1.8890906443302935e-08,6.786009635719383e-07,0.0,0.0,False,1.2601022720336914,,
openai,gpt-4.1,iv_curve_000,iv_curve,turn_on_voltage_v_at_target_i,0.67,0.4903923625246377,0.17960763747536235,0.3662529256179815,0.05,0.1,False,1.2601022720336914,,
openai,gpt-4.1,iv_curve_000,iv_curve,cp_nVt,,0.022674323754450124,,,0.0,0.0,False,1.2601022720336914,,missing_value
openai,gpt-4.1,iv_curve_000,iv_curve,cp_Rs,,2.0771501051852286,,,0.0,0.0,False,1.2601022720336914,,missing_value
openai,gpt-4.1,iv_curve_000,iv_curve,cp_Is,,1.4434459732443427e-10,,,0.0,0.0,False,1.2601022720336914,,missing_value
openai,gpt-4.1,iv_curve_001,iv_curve,resistance_ohm,340.0,338.0044547592717,1.9955452407282905,0.005903902190133935,5.0,0.03,True,1.3918342590332031,,
openai,gpt-4.1,iv_curve_001,iv_curve,cp_slope_ohm,340.0,338.0044547592717,1.9955452407282905,0.005903902190133935,6.0,0.04,True,1.3918342590332031,,
openai,gpt-4.1,iv_curve_002,iv_curve,resistance_ohm,400.0,384.26380981896386,15.736190181036136,0.040951528036038166,5.0,0.03,False,1.1227200031280518,,
openai,gpt-4.1,iv_curve_002,iv_curve,cp_slope_ohm,400.0,384.26380981896386,15.736190181036136,0.040951528036038166,6.0,0.04,False,1.1227200031280518,,
openai,gpt-4.1,iv_curve_003,iv_curve,target_current_a,0.011726,0.011726083545172085,8.354517208424006e-08,7.124729391736054e-06,0.0,0.0,False,1.3722200393676758,,
openai,gpt-4.1,iv_curve_003,iv_curve,turn_on_voltage_v_at_target_i,0.72,0.5110786363647449,0.20892136363525504,0.40878516292775097,0.05,0.1,False,1.3722200393676758,,
openai,gpt-4.1,iv_curve_003,iv_curve,cp_nVt,,0.02603493182957477,,,0.0,0.0,False,1.3722200393676758,,missing_value
openai,gpt-4.1,iv_curve_003,iv_curve,cp_Rs,,3.88032248327702,,,0.0,0.0,False,1.3722200393676758,,missing_value
openai,gpt-4.1,iv_curve_003,iv_curve,cp_Is,,2.0079309056855561e-10,,,0.0,0.0,False,1.3722200393676758,,missing_value
openai,gpt-4.1,iv_curve_004,iv_curve,resistance_ohm,1000.0,942.2424308809836,57.75756911901635,0.06129799213670926,5.0,0.03,False,1.0239109992980957,,
openai,gpt-4.1,iv_curve_004,iv_curve,cp_slope_ohm,1000.0,942.2424308809836,57.75756911901635,0.06129799213670926,6.0,0.04,False,1.0239109992980957,,
openai,gpt-4.1,iv_curve_005,iv_curve,resistance_ohm,800.0,797.3874052735143,2.6125947264856677,0.0032764434316460184,5.0,0.03,True,0.9087350368499756,,
openai,gpt-4.1,iv_curve_005,iv_curve,cp_slope_ohm,800.0,797.3874052735143,2.6125947264856677,0.0032764434316460184,6.0,0.04,True,0.9087350368499756,,
openai,gpt-4.1,iv_curve_006,iv_curve,target_current_a,0.027095,0.027095171445787627,1.7144578762576246e-07,6.32754023973583e-06,0.0,0.0,False,1.2732720375061035,,
openai,gpt-4.1,iv_curve_006,iv_curve,turn_on_voltage_v_at_target_i,0.78,0.5989387715835964,0.1810612284164036,0.30230340229549174,0.05,0.1,False,1.2732720375061035,,
openai,gpt-4.1,iv_curve_006,iv_curve,cp_nVt,,0.025649011248303454,,,0.0,0.0,False,1.2732720375061035,,missing_value
openai,gpt-4.1,iv_curve_006,iv_curve,cp_Rs,,4.196628243340686,,,0.0,0.0,False,1.2732720375061035,,missing_value
openai,gpt-4.1,iv_curve_006,iv_curve,cp_Is,,1.6476615435849341e-10,,,0.0,0.0,False,1.2732720375061035,,missing_value
openai,gpt-4.1,iv_curve_007,iv_curve,resistance_ohm,400.0,395.47177052890004,4.528229471099962,0.01145019647051913,5.0,0.03,True,1.2477467060089111,,
openai,gpt-4.1,iv_curve_007,iv_curve,cp_slope_ohm,400.0,395.47177052890004,4.528229471099962,0.01145019647051913,6.0,0.04,True,1.2477467060089111,,
openai,gpt-4.1,iv_curve_008,iv_curve,resistance_ohm,500.0,446.17741037358803,53.82258962641197,0.12063046755627066,5.0,0.03,False,0.8531770706176758,,
openai,gpt-4.1,iv_curve_008,iv_curve,cp_slope_ohm,500.0,446.17741037358803,53.82258962641197,0.12063046755627066,6.0,0.04,False,0.8531770706176758,,
openai,gpt-4.1,iv_curve_009,iv_curve,target_current_a,0.026595,0.02659480343716401,1.9656283599053803e-07,7.391024207227564e-06,0.0,0.0,False,1.4246010780334473,,
openai,gpt-4.1,iv_curve_009,iv_curve,turn_on_voltage_v_at_target_i,0.72,0.6227760536989637,0.09722394630103626,0.15611381607172742,0.05,0.1,False,1.4246010780334473,,
openai,gpt-4.1,iv_curve_009,iv_curve,cp_nVt,,0.025738374656896115,,,0.0,0.0,False,1.4246010780334473,,missing_value
openai,gpt-4.1,iv_curve_009,iv_curve,cp_Rs,,3.0029787820232916,,,0.0,0.0,False,1.4246010780334473,,missing_value
openai,gpt-4.1,iv_curve_009,iv_curve,cp_Is,,1.8365630260543363e-11,,,0.0,0.0,False,1.4246010780334473,,missing_value
openai,gpt-4.1,iv_curve_010,iv_curve,resistance_ohm,1500.0,1529.6804661154463,29.68046611544628,0.019403049704111386,5.0,0.03,True,1.0496881008148193,,
openai,gpt-4.1,iv_curve_010,iv_curve,cp_slope_ohm,1500.0,1529.6804661154463,29.68046611544628,0.019403049704111386,6.0,0.04,True,1.0496881008148193,,
openai,gpt-4.1,iv_curve_011,iv_curve,resistance_ohm,130.0,131.90758888240646,1.9075888824064577,0.014461555233998275,5.0,0.03,True,1.0045280456542969,,
openai,gpt-4.1,iv_curve_011,iv_curve,cp_slope_ohm,130.0,131.90758888240646,1.9075888824064577,0.014461555233998275,6.0,0.04,True,1.0045280456542969,,
openai,gpt-4.1,iv_curve_012,iv_curve,target_current_a,0.036448,0.03644752025278521,4.797472147946569e-07,1.3162684634436717e-05,0.0,0.0,False,1.436203956604004,,
openai,gpt-4.1,iv_curve_012,iv_curve,turn_on_voltage_v_at_target_i,0.75,0.7307004971546648,0.019299502845335215,0.026412330250885484,0.05,0.1,True,1.436203956604004,,
openai,gpt-4.1,iv_curve_012,iv_curve,cp_nVt,,0.024336796995193248,,,0.0,0.0,False,1.436203956604004,,missing_value
openai,gpt-4.1,iv_curve_012,iv_curve,cp_Rs,,7.494835109199108,,,0.0,0.0,False,1.436203956604004,,missing_value
openai,gpt-4.1,iv_curve_012,iv_curve,cp_Is,,2.4941452976851504e-10,,,0.0,0.0,False,1.436203956604004,,missing_value
openai,gpt-4.1,iv_curve_013,iv_curve,resistance_ohm,3200.0,3193.266020774136,6.7339792258640045,0.0021088062134677716,5.0,0.03,True,0.922799825668335,,
openai,gpt-4.1,iv_curve_013,iv_curve,cp_slope_ohm,3200.0,3193.266020774136,6.7339792258640045,0.0021088062134677716,6.0,0.04,True,0.922799825668335,,
openai,gpt-4.1,iv_curve_014,iv_curve,resistance_ohm,2000.0,1906.6638184409019,93.33618155909812,0.048952615902377615,5.0,0.03,False,1.0399279594421387,,
openai,gpt-4.1,iv_curve_014,iv_curve,cp_slope_ohm,2000.0,1906.6638184409019,93.33618155909812,0.048952615902377615,6.0,0.04,False,1.0399279594421387,,
openai,gpt-4.1,transfer_characteristic_000,transfer_characteristic,small_signal_gain,1.6,2.5063642158406245,0.9063642158406244,0.3616251022545953,0.12,0.06,False,1.2161400318145752,,
openai,gpt-4.1,transfer_characteristic_000,transfer_characteristic,saturation_v,3.2,3.24319803912027,0.04319803912026998,0.01331958104291023,0.06,0.06,True,1.2161400318145752,,
openai,gpt-4.1,transfer_characteristic_000,transfer_characteristic,cp_vin_at_saturation,1.5,1.2939851353696872,0.20601486463031282,0.15920960681782104,0.08,0.12,False,1.2161400318145752,,
openai,gpt-4.1,transfer_characteristic_001,transfer_characteristic,small_signal_gain,1.0,0.9091087961052584,0.09089120389474159,0.09997835713847611,0.12,0.06,True,0.987159013748169,,
openai,gpt-4.1,transfer_characteristic_001,transfer_characteristic,saturation_v,3.0,3.094079137729029,0.09407913772902887,0.030406183404242348,0.06,0.06,True,0.987159013748169,,
openai,gpt-4.1,transfer_characteristic_001,transfer_characteristic,cp_vin_at_saturation,3.0,3.40342008677561,0.4034200867756099,0.11853373268352803,0.08,0.12,True,0.987159013748169,,
openai,gpt-4.1,transfer_characteristic_002,transfer_characteristic,small_signal_gain,2.0,2.4473838361776448,0.44738383617764477,0.18280084617882192,0.12,0.06,False,1.035268783569336,,
openai,gpt-4.1,transfer_characteristic_002,transfer_characteristic,saturation_v,1.9,1.8625220526102466,0.0374779473897533,0.02012214960742587,0.06,0.06,True,1.035268783569336,,
openai,gpt-4.1,transfer_characteristic_002,transfer_characteristic,cp_vin_at_saturation,0.9,0.7610257226831886,0.13897427731681145,0.18261442836231934,0.08,0.12,False,1.035268783569336,,
openai,gpt-4.1,transfer_characteristic_003,transfer_characteristic,small_signal_gain,3.0,4.08722535288436,1.08722535288436,0.26600572736149813,0.12,0.06,False,1.1182420253753662,,
openai,gpt-4.1,transfer_characteristic_003,transfer_characteristic,saturation_v,2.7,2.643733853642498,0.056266146357502045,0.02128283309606955,0.06,0.06,True,1.1182420253753662,,
openai,gpt-4.1,transfer_characteristic_003,transfer_characteristic,cp_vin_at_saturation,0.7,0.6468285023180363,0.05317149768196361,0.08220339315817586,0.08,0.12,True,1.1182420253753662,,
openai,gpt-4.1,transfer_characteristic_004,transfer_characteristic,small_signal_gain,2.0,3.5377349624049375,1.5377349624049375,0.43466652497890673,0.12,0.06,False,1.2065911293029785,,
openai,gpt-4.1,transfer_characteristic_004,transfer_characteristic,saturation_v,3.8,3.8001589252689123,0.00015892526891247982,4.182069014422436e-05,0.06,0.06,True,1.2065911293029785,,
openai,gpt-4.1,transfer_characteristic_004,transfer_characteristic,cp_vin_at_saturation,1.2,1.0741785254273486,0.12582147457265136,0.11713274059597761,0.08,0.12,True,1.2065911293029785,,
openai,gpt-4.1,transfer_characteristic_005,transfer_characteristic,small_signal_gain,1.75,2.071929112950168,0.3219291129501678,0.155376509233842,0.12,0.06,False,1.1313350200653076,,
openai,gpt-4.1,transfer_characteristic_005,transfer_characteristic,saturation_v,3.5,3.4390904200721177,0.06090957992788226,0.017710956237842967,0.06,0.06,True,1.1313350200653076,,
openai,gpt-4.1,transfer_characteristic_005,transfer_characteristic,cp_vin_at_saturation,2.0,1.6598494603781513,0.3401505396218487,0.20492854788430917,0.08,0.12,False,1.1313350200653076,,
openai,gpt-4.1,transfer_characteristic_006,transfer_characteristic,small_signal_gain,3.0,3.478197235613139,0.478197235613139,0.137484220479763,0.12,0.06,False,1.073354959487915,,
openai,gpt-4.1,transfer_characteristic_006,transfer_characteristic,saturation_v,3.0,3.0319920605541486,0.031992060554148605,0.010551498788654976,0.06,0.06,True,1.073354959487915,,
openai,gpt-4.1,transfer_characteristic_006,transfer_characteristic,cp_vin_at_saturation,1.0,0.871713665202677,0.128286334797323,0.14716568056495466,0.08,0.12,False,1.073354959487915,,
openai,gpt-4.1,transfer_characteristic_007,transfer_characteristic,small_signal_gain,2.0,3.227843574661078,1.2278435746610779,0.38039128794833277,0.12,0.06,False,1.1141891479492188,,
openai,gpt-4.1,transfer_characteristic_007,transfer_characteristic,saturation_v,3.8,3.7770622489708225,0.022937751029177278,0.006072907862566305,0.06,0.06,True,1.1141891479492188,,
openai,gpt-4.1,transfer_characteristic_007,transfer_characteristic,cp_vin_at_saturation,1.3,1.1701503377118925,0.12984966228810757,0.11096835859742185,0.08,0.12,True,1.1141891479492188,,
openai,gpt-4.1,transfer_characteristic_008,transfer_characteristic,small_signal_gain,2.0,2.31256055534402,0.31256055534402005,0.13515778197536674,0.12,0.06,False,0.973552942276001,,
openai,gpt-4.1,transfer_characteristic_008,transfer_characteristic,saturation_v,5.0,4.921211209904356,0.07878879009564432,0.016010040361014215,0.06,0.06,True,0.973552942276001,,
openai,gpt-4.1,transfer_characteristic_008,transfer_characteristic,cp_vin_at_saturation,2.5,2.128035609070686,0.371964390929314,0.17479237158618366,0.08,0.12,False,0.973552942276001,,
openai,gpt-4.1,transfer_characteristic_009,transfer_characteristic,small_signal_gain,2.5,4.019437854616186,1.5194378546161857,0.3780224771658464,0.12,0.06,False,1.0924708843231201,,
openai,gpt-4.1,transfer_characteristic_009,transfer_characteristic,saturation_v,4.5,4.472802860147784,0.027197139852216168,0.006080558589903414,0.06,0.06,True,1.0924708843231201,,
openai,gpt-4.1,transfer_characteristic_009,transfer_characteristic,cp_vin_at_saturation,1.0,1.1127931372320943,0.11279313723209428,0.10136038178007663,0.08,0.12,True,1.0924708843231201,,
openai,gpt-4.1,transfer_characteristic_010,transfer_characteristic,small_signal_gain,5.0,6.401767853537083,1.4017678535370832,0.21896574283970374,0.12,0.06,False,1.082289695739746,,
openai,gpt-4.1,transfer_characteristic_010,transfer_characteristic,saturation_v,5.0,4.768749856041293,0.23125014395870735,0.04849282326388918,0.06,0.06,True,1.082289695739746,,
openai,gpt-4.1,transfer_characteristic_010,transfer_characteristic,cp_vin_at_saturation,1.0,0.7449114002792961,0.25508859972070386,0.34244153012702083,0.08,0.12,False,1.082289695739746,,
openai,gpt-4.1,transfer_characteristic_011,transfer_characteristic,small_signal_gain,2.0,2.7848456228279597,0.7848456228279597,0.2818273359192397,0.12,0.06,False,0.9733831882476807,,
openai,gpt-4.1,transfer_characteristic_011,transfer_characteristic,saturation_v,3.2,3.2289707540982038,0.0289707540982036,0.008972132702482353,0.06,0.06,True,0.9733831882476807,,
openai,gpt-4.1,transfer_characteristic_011,transfer_characteristic,cp_vin_at_saturation,1.2,1.1594792643547842,0.040520735645215744,0.03494735687900752,0.08,0.12,True,0.9733831882476807,,
openai,gpt-4.1,transfer_characteristic_012,transfer_characteristic,small_signal_gain,6.0,5.032455777267958,0.9675442227320419,0.19226084948476319,0.12,0.06,False,1.0965828895568848,,
openai,gpt-4.1,transfer_characteristic_012,transfer_characteristic,saturation_v,6.0,5.784051851890119,0.21594814810988083,0.03733509893057287,0.06,0.06,True,1.0965828895568848,,
openai,gpt-4.1,transfer_characteristic_012,transfer_characteristic,cp_vin_at_saturation,1.0,1.1493497623997386,0.14934976239973863,0.12994283140400167,0.08,0.12,False,1.0965828895568848,,
openai,gpt-4.1,transfer_characteristic_013,transfer_characteristic,small_signal_gain,10.0,7.752281425425539,2.247718574574461,0.2899428505268794,0.12,0.06,False,1.0914008617401123,,
openai,gpt-4.1,transfer_characteristic_013,transfer_characteristic,saturation_v,1.3,1.2954201226350617,0.004579877364938367,0.003535437874488371,0.06,0.06,True,1.0914008617401123,,
openai,gpt-4.1,transfer_characteristic_013,transfer_characteristic,cp_vin_at_saturation,0.17,0.1671017925621751,0.002898207437824901,0.01734396378031994,0.08,0.12,True,1.0914008617401123,,
openai,gpt-4.1,transfer_characteristic_014,transfer_characteristic,small_signal_gain,6.0,8.415158597871589,2.4151585978715886,0.28700096020560384,0.12,0.06,False,1.1784138679504395,,
openai,gpt-4.1,transfer_characteristic_014,transfer_characteristic,saturation_v,3.0,2.9183713591845253,0.08162864081547472,0.02797061469184787,0.06,0.06,True,1.1784138679504395,,
openai,gpt-4.1,transfer_characteristic_014,transfer_characteristic,cp_vin_at_saturation,0.33,0.3467993294770056,0.016799329477005576,0.048441066775821,0.08,0.12,True,1.1784138679504395,,
